algo,function,dim,pop,run,seed,best_fitness,error,time_s
DE_seq,sphere,10,50,0,1000,-449.9999987216465,1.2783535385062878e-06,0.019185080301008718
DE_seq,sphere,10,50,1,1001,-449.999998396098,1.6039019521361647e-06,0.02057715205554639
DE_seq,sphere,10,50,2,1002,-449.999996747959,3.2520409971312832e-06,0.019071245917528602
DE_seq,sphere,10,50,3,1003,-449.9999962171007,3.7828992622311133e-06,0.021427580537433336
DE_seq,sphere,10,50,4,1004,-449.99999597242,4.027579999577945e-06,0.019225893503121212
DE_seq,sphere,10,50,5,1005,-449.9999992125914,7.874086225922356e-07,0.020053307569125704
DE_seq,sphere,10,50,6,1006,-449.99999635674953,3.6432504442519162e-06,0.01963717191380422
DE_seq,sphere,10,50,7,1007,-449.9999986967381,1.3032619050022144e-06,0.020291643432244794
DE_seq,sphere,10,50,8,1008,-449.99999990829036,9.170962270523828e-08,0.019569895727965463
DE_seq,sphere,10,50,9,1009,-449.9999994091471,5.90852869948036e-07,0.02044359009130208
DE_gpu_v1,sphere,10,50,0,1000,-449.9999963370757,3.6629243410283788e-06,0.20618925960306542
DE_gpu_v1,sphere,10,50,1,1001,-449.9999998371162,1.6288382086386937e-07,0.18014339325900913
DE_gpu_v1,sphere,10,50,2,1002,-449.99999952389544,4.761045816162032e-07,0.1926783344914591
DE_gpu_v1,sphere,10,50,3,1003,-449.99999960079145,3.9920856420584464e-07,0.18264999390808542
DE_gpu_v1,sphere,10,50,4,1004,-449.99999959157407,4.084259093624097e-07,0.17767259472568406
DE_gpu_v1,sphere,10,50,5,1005,-449.9999992492323,7.507677167497072e-07,0.18871822226991136
DE_gpu_v1,sphere,10,50,6,1006,-449.9999981605548,1.8394452136990736e-06,0.18904310710637928
DE_gpu_v1,sphere,10,50,7,1007,-449.99999959272844,4.0727154012577375e-07,0.18450003601814752
DE_gpu_v1,sphere,10,50,8,1008,-449.9999991244685,8.755315056458904e-07,0.19604792307246716
DE_gpu_v1,sphere,10,50,9,1009,-449.99999952607084,4.739291384183522e-07,0.1975947302755836
DE_gpu_v2,sphere,10,50,0,1000,-449.9999977624759,2.237524072381116e-06,0.0825209201342725
DE_gpu_v2,sphere,10,50,1,1001,-449.9999997162143,2.8378568145288494e-07,0.08295564797431988
DE_gpu_v2,sphere,10,50,2,1002,-449.9999972643205,2.735679527202799e-06,0.07870389041463573
DE_gpu_v2,sphere,10,50,3,1003,-449.9999993800268,6.199732270263256e-07,0.08113654706527479
DE_gpu_v2,sphere,10,50,4,1004,-449.999997941922,2.0580780232434155e-06,0.07588785317289823
DE_gpu_v2,sphere,10,50,5,1005,-449.99999963845386,3.6154615348092797e-07,0.08229680167037459
DE_gpu_v2,sphere,10,50,6,1006,-449.9999989933032,1.0066967544955216e-06,0.08153268865443995
DE_gpu_v2,sphere,10,50,7,1007,-449.99999932809243,6.719075650494013e-07,0.08266630487669939
DE_gpu_v2,sphere,10,50,8,1008,-449.99999957160986,4.2839012826909827e-07,0.08172695932405716
DE_gpu_v2,sphere,10,50,9,1009,-449.99999648774786,3.5122521476188037e-06,0.07936924138439012
DE_gpu_jDE,sphere,10,50,0,1000,-449.9999994264392,5.735607664178836e-07,0.07966482195299128
DE_gpu_jDE,sphere,10,50,1,1001,-449.9999998517096,1.482903544418049e-07,0.08291097213636575
DE_gpu_jDE,sphere,10,50,2,1002,-449.9999997544325,2.455675196759036e-07,0.08005735356891822
DE_gpu_jDE,sphere,10,50,3,1003,-449.99999987985484,1.2014518464083294e-07,0.08355005036146122
DE_gpu_jDE,sphere,10,50,4,1004,-449.99999777978627,2.2202137479249527e-06,0.0835065279664434
DE_gpu_jDE,sphere,10,50,5,1005,-449.9999998018572,1.9814280043507108e-07,0.08071375882334997
DE_gpu_jDE,sphere,10,50,6,1006,-449.999999943274,5.6725985041727794e-08,0.08071593795398203
DE_gpu_jDE,sphere,10,50,7,1007,-449.99999992811763,7.188236946236615e-08,0.08306184721058309
DE_gpu_jDE,sphere,10,50,8,1008,-449.9999998771465,1.228535361063901e-07,0.07847355826296623
DE_gpu_jDE,sphere,10,50,9,1009,-449.99999984569126,1.5430872552836604e-07,0.07636007061190844
DE_seq,sphere,10,100,0,1000,-449.9999988110066,1.1889933839464246e-06,0.021477889814408787
DE_seq,sphere,10,100,1,1001,-449.99999814027814,1.8597218724671394e-06,0.020371584621376046
DE_seq,sphere,10,100,2,1002,-449.99999469556747,5.304432541550805e-06,0.01959328338612521
DE_seq,sphere,10,100,3,1003,-449.9999987092531,1.2907469235298575e-06,0.0199595384931774
DE_seq,sphere,10,100,4,1004,-449.9999988385517,1.1614483424466744e-06,0.01986941688019675
DE_seq,sphere,10,100,5,1005,-449.99999870318453,1.2968154839510145e-06,0.02044841705234002
DE_seq,sphere,10,100,6,1006,-449.99999929443834,7.055616886627243e-07,0.020657411874154114
DE_seq,sphere,10,100,7,1007,-449.9999986167097,1.3832902754951434e-06,0.02024503735170353
DE_seq,sphere,10,100,8,1008,-449.9999987672596,1.2327403678220487e-06,0.020010592142088272
DE_seq,sphere,10,100,9,1009,-449.9999993182311,6.817688797484662e-07,0.02012364462559108
DE_gpu_v1,sphere,10,100,0,1000,-449.9999982413279,1.7586721367766538e-06,0.11388302389725923
DE_gpu_v1,sphere,10,100,1,1001,-449.9999993809834,6.190165775410985e-07,0.12300325336355601
DE_gpu_v1,sphere,10,100,2,1002,-449.9999969317007,3.0682992787134343e-06,0.10854162037241791
DE_gpu_v1,sphere,10,100,3,1003,-449.9999996191971,3.8080287883288107e-07,0.11646664599826127
DE_gpu_v1,sphere,10,100,4,1004,-449.99999920393503,7.960649802124215e-07,0.12317497649752131
DE_gpu_v1,sphere,10,100,5,1005,-449.99999253760757,7.46239245511642e-06,0.12471486516053162
DE_gpu_v1,sphere,10,100,6,1006,-449.99999959131287,4.086871344805955e-07,0.11757132458861508
DE_gpu_v1,sphere,10,100,7,1007,-449.99999581131084,4.188689155769081e-06,0.12692182518819792
DE_gpu_v1,sphere,10,100,8,1008,-449.9999976629561,2.3370439031427208e-06,0.11975513331347369
DE_gpu_v1,sphere,10,100,9,1009,-449.99999797584053,2.024159446912919e-06,0.12027053465154564
DE_gpu_v2,sphere,10,100,0,1000,-449.99999808661283,1.9133871595224265e-06,0.06137925000644338
DE_gpu_v2,sphere,10,100,1,1001,-449.9999937168543,6.283145685251397e-06,0.06632777306868291
DE_gpu_v2,sphere,10,100,2,1002,-449.99999960888124,3.9111876725200485e-07,0.06338676832115107
DE_gpu_v2,sphere,10,100,3,1003,-449.9999993857253,6.142747319628768e-07,0.06209221024087
DE_gpu_v2,sphere,10,100,4,1004,-449.9999977298467,2.270153268706711e-06,0.06769192152057212
DE_gpu_v2,sphere,10,100,5,1005,-449.9999996588861,3.4111387072473253e-07,0.06757124690434756
DE_gpu_v2,sphere,10,100,6,1006,-449.9999966973462,3.3026538080870118e-06,0.06731675961763087
DE_gpu_v2,sphere,10,100,7,1007,-449.99999781024565,2.1897543768116705e-06,0.07533989373167363
DE_gpu_v2,sphere,10,100,8,1008,-449.9999989839952,1.0160047581145208e-06,0.07072940177204147
DE_gpu_v2,sphere,10,100,9,1009,-449.9999997702775,2.2972250975217327e-07,0.06718526408181695
DE_gpu_jDE,sphere,10,100,0,1000,-449.99999887686124,1.1231387337040183e-06,0.06574361805708719
DE_gpu_jDE,sphere,10,100,1,1001,-449.9999992740542,7.259458266740293e-07,0.064330557504278
DE_gpu_jDE,sphere,10,100,2,1002,-449.999999830011,1.699889657092674e-07,0.06689989037749339
DE_gpu_jDE,sphere,10,100,3,1003,-449.99999837004486,1.6299551162133956e-06,0.06809289972424694
DE_gpu_jDE,sphere,10,100,4,1004,-449.9999994390105,5.609894948493045e-07,0.06428860328720615
DE_gpu_jDE,sphere,10,100,5,1005,-449.99999911725797,8.827420345105918e-07,0.0652553030352654
DE_gpu_jDE,sphere,10,100,6,1006,-449.999998246382,1.7536180110335483e-06,0.06764947129815724
DE_gpu_jDE,sphere,10,100,7,1007,-449.9999996979363,3.0206372977756086e-07,0.0717116963087504
DE_gpu_jDE,sphere,10,100,8,1008,-449.9999990680323,9.319676680585161e-07,0.06637106279478122
DE_gpu_jDE,sphere,10,100,9,1009,-449.9999994414055,5.585944682324486e-07,0.06914732263832893
DE_seq,sphere,10,500,0,1000,-449.9999968235948,3.176405201462073e-06,0.019351313633840753
DE_seq,sphere,10,500,1,1001,-449.99999716492033,2.8350796441758708e-06,0.020029269127694233
DE_seq,sphere,10,500,2,1002,-449.9999993102196,6.897803911784466e-07,0.019139491113554556
DE_seq,sphere,10,500,3,1003,-449.9999975402655,2.4597344962391866e-06,0.020706492895894105
DE_seq,sphere,10,500,4,1004,-449.99999584445027,4.15554971972458e-06,0.022039386658317277
DE_seq,sphere,10,500,5,1005,-449.99999363463553,6.365364454303118e-06,0.018509650197719944
DE_seq,sphere,10,500,6,1006,-449.9999974328824,2.5671176032453846e-06,0.019054462582781755
DE_seq,sphere,10,500,7,1007,-449.9999979415396,2.058460389769349e-06,0.02001320850065309
DE_seq,sphere,10,500,8,1008,-449.9999969995014,3.000498635827328e-06,0.02138187264478671
DE_seq,sphere,10,500,9,1009,-449.9999965684525,3.43154747513875e-06,0.02018441016712746
DE_gpu_v1,sphere,10,500,0,1000,-449.99999797851314,2.0214868453274008e-06,0.06461537276069522
DE_gpu_v1,sphere,10,500,1,1001,-449.99999672784827,3.2721517021172e-06,0.06277528786935761
DE_gpu_v1,sphere,10,500,2,1002,-449.99998025620437,1.9743795623717148e-05,0.06414978260237561
DE_gpu_v1,sphere,10,500,3,1003,-449.9999908728998,9.12710023554157e-06,0.06675126801756633
DE_gpu_v1,sphere,10,500,4,1004,-449.99997190096735,2.8099032659831562e-05,0.06063254510957139
DE_gpu_v1,sphere,10,500,5,1005,-449.99999500070277,4.999297229066285e-06,0.06321567968703923
DE_gpu_v1,sphere,10,500,6,1006,-449.9999938238442,6.176155780656673e-06,0.06322340139989999
DE_gpu_v1,sphere,10,500,7,1007,-449.9999973391867,2.6608133436875885e-06,0.0639973293768305
DE_gpu_v1,sphere,10,500,8,1008,-449.99998744301007,1.255698993446143e-05,0.06424973544387048
DE_gpu_v1,sphere,10,500,9,1009,-449.9999989056015,1.0943985273267327e-06,0.06104048917799352
DE_gpu_v2,sphere,10,500,0,1000,-449.99998878781486,1.121218513647141e-05,0.05171915386703648
DE_gpu_v2,sphere,10,500,1,1001,-449.9999967480256,3.2519744403714066e-06,0.05212216786305432
DE_gpu_v2,sphere,10,500,2,1002,-449.9999931192182,6.880781832123252e-06,0.05086527869579332
DE_gpu_v2,sphere,10,500,3,1003,-449.99999829860786,1.7013921464501273e-06,0.055420478396248925
DE_gpu_v2,sphere,10,500,4,1004,-449.9999974320422,2.567957754988471e-06,0.05295726085761783
DE_gpu_v2,sphere,10,500,5,1005,-449.99999494220464,5.0577953665052454e-06,0.05339886130961448
DE_gpu_v2,sphere,10,500,6,1006,-449.9999950815224,4.918477583996442e-06,0.057136309498042256
DE_gpu_v2,sphere,10,500,7,1007,-449.99998963358667,1.0366413328092578e-05,0.051593786027310476
DE_gpu_v2,sphere,10,500,8,1008,-449.9999945693183,5.430681707556373e-06,0.05227041839554116
DE_gpu_v2,sphere,10,500,9,1009,-449.9999964403581,3.55964190369011e-06,0.050240905060941386
DE_gpu_jDE,sphere,10,500,0,1000,-449.99999974326084,2.567391495675578e-07,0.05498440723697103
DE_gpu_jDE,sphere,10,500,1,1001,-449.99999918346737,8.165326241118581e-07,0.05472805734371593
DE_gpu_jDE,sphere,10,500,2,1002,-449.99999348542724,6.514572736597747e-06,0.0520161603592763
DE_gpu_jDE,sphere,10,500,3,1003,-449.99999974489396,2.551060241874543e-07,0.054533756746962654
DE_gpu_jDE,sphere,10,500,4,1004,-449.9999994433339,5.566661182493162e-07,0.05376478942963882
DE_gpu_jDE,sphere,10,500,5,1005,-449.99999884299064,1.1570093786412453e-06,0.05050289476367924
DE_gpu_jDE,sphere,10,500,6,1006,-449.99999955910334,4.408966605365063e-07,0.052632357790801165
DE_gpu_jDE,sphere,10,500,7,1007,-449.99999870526597,1.2947340573570816e-06,0.050366108830541524
DE_gpu_jDE,sphere,10,500,8,1008,-449.9999996396017,3.603982854677773e-07,0.048768103431687096
DE_gpu_jDE,sphere,10,500,9,1009,-449.9999990516753,9.483247322023479e-07,0.05214291743069508
DE_seq,sphere,50,50,0,1000,-449.99982550702117,0.0001744929788565158,0.4879562666572612
DE_seq,sphere,50,50,1,1001,-449.9998370061496,0.00016299385039466414,0.48363603036184755
DE_seq,sphere,50,50,2,1002,-449.9998478292812,0.0001521707188099738,0.5101683620895325
DE_seq,sphere,50,50,3,1003,-449.99995130016674,4.869983327223028e-05,0.486414536844149
DE_seq,sphere,50,50,4,1004,-449.99994305243615,5.694756386954431e-05,0.5145049538933265
DE_seq,sphere,50,50,5,1005,-449.9997780827969,0.00022191720307729898,0.4918406240377161
DE_seq,sphere,50,50,6,1006,-449.99979837852095,0.00020162147902644863,0.515608340851728
DE_seq,sphere,50,50,7,1007,-449.9996614443079,0.00033855569208535077,0.5249175868349186
DE_seq,sphere,50,50,8,1008,-449.9998371024575,0.00016289754250890294,0.48748660591991577
DE_seq,sphere,50,50,9,1009,-449.99963768471116,0.000362315288853029,0.5175011146202886
DE_gpu_v1,sphere,50,50,0,1000,-449.99979714126863,0.0002028587313627207,0.7826517056953687
DE_gpu_v1,sphere,50,50,1,1001,-449.9996402552167,0.0003597447832944489,0.7251103543528115
DE_gpu_v1,sphere,50,50,2,1002,-449.99981601753797,0.00018398246205117912,0.6631798947284859
DE_gpu_v1,sphere,50,50,3,1003,-449.9994110536281,0.0005889463718972632,0.6758798857269058
DE_gpu_v1,sphere,50,50,4,1004,-449.99959350270325,0.00040649729677889456,0.7387527853314387
DE_gpu_v1,sphere,50,50,5,1005,-449.9998698812073,0.00013011879271182964,0.7225118124702373
DE_gpu_v1,sphere,50,50,6,1006,-449.9999426539669,5.7346033081135456e-05,0.7103618604170634
DE_gpu_v1,sphere,50,50,7,1007,-449.99958247655746,0.00041752344255319515,0.709431646229445
DE_gpu_v1,sphere,50,50,8,1008,-449.9997596160891,0.00024038391089573527,0.7499948315863361
DE_gpu_v1,sphere,50,50,9,1009,-449.9996673026358,0.0003326973641562294,0.7209540429478688
DE_gpu_v2,sphere,50,50,0,1000,-449.999771620411,0.00022837958896169128,0.2145747158759767
DE_gpu_v2,sphere,50,50,1,1001,-449.99955585715196,0.00044414284802546513,0.21520465579997117
DE_gpu_v2,sphere,50,50,2,1002,-449.99997924447734,2.0755522675910345e-05,0.20791640688020935
DE_gpu_v2,sphere,50,50,3,1003,-449.9999678376649,3.216233512754933e-05,0.22453971745846862
DE_gpu_v2,sphere,50,50,4,1004,-449.9998141715631,0.00018582843690047893,0.22013705077733517
DE_gpu_v2,sphere,50,50,5,1005,-449.9998917104113,0.00010828958869561353,0.20776814480604097
DE_gpu_v2,sphere,50,50,6,1006,-449.9992843347646,0.000715665235414554,0.2022551965657636
DE_gpu_v2,sphere,50,50,7,1007,-449.99987072537766,0.00012927462232363365,0.2232984189196565
DE_gpu_v2,sphere,50,50,8,1008,-449.9992814558416,0.0007185441584225725,0.2256431813218837
DE_gpu_v2,sphere,50,50,9,1009,-449.99992853504426,7.146495573814166e-05,0.21427933887977438
DE_gpu_jDE,sphere,50,50,0,1000,-449.9999544995833,4.55004166917192e-05,0.20858709683656093
DE_gpu_jDE,sphere,50,50,1,1001,-449.99997520154704,2.4798452957238163e-05,0.20719022414833463
DE_gpu_jDE,sphere,50,50,2,1002,-449.9999473136314,5.268636855344157e-05,0.2244189314856712
DE_gpu_jDE,sphere,50,50,3,1003,-449.99995193355574,4.80664442657816e-05,0.2110961688065803
DE_gpu_jDE,sphere,50,50,4,1004,-449.99994935823327,5.06417667618518e-05,0.2107262063680529
DE_gpu_jDE,sphere,50,50,5,1005,-449.9999882508393,1.1749160719905069e-05,0.20853549193942753
DE_gpu_jDE,sphere,50,50,6,1006,-449.9999900320977,9.967902333761819e-06,0.2077523402549616
DE_gpu_jDE,sphere,50,50,7,1007,-449.9999605533793,3.9446620671947386e-05,0.20579035813122198
DE_gpu_jDE,sphere,50,50,8,1008,-449.99999663863053,3.3613694565516995e-06,0.22615012643821597
DE_gpu_jDE,sphere,50,50,9,1009,-449.9999349359416,6.506405837990512e-05,0.20138527339248904
DE_seq,sphere,50,100,0,1000,-449.9999493745951,5.062540493019961e-05,0.49563318165820464
DE_seq,sphere,50,100,1,1001,-449.9998762002799,0.0001237997200689841,0.502159893521989
DE_seq,sphere,50,100,2,1002,-449.99985505793467,0.00014494206535952463,0.5339191156364141
DE_seq,sphere,50,100,3,1003,-449.99970561161,0.000294388389972433,0.49014040707857576
DE_seq,sphere,50,100,4,1004,-449.99985610696706,0.00014389303295917518,0.517037152225289
DE_seq,sphere,50,100,5,1005,-449.9998825389758,0.00011746102423419932,0.5092741308502542
DE_seq,sphere,50,100,6,1006,-449.9995926944579,0.00040730554214105026,0.5274537291445478
DE_seq,sphere,50,100,7,1007,-449.99947551457257,0.0005244854274566776,0.5074659084651966
DE_seq,sphere,50,100,8,1008,-449.9994893223147,0.0005106776853375779,0.5137302918110707
DE_seq,sphere,50,100,9,1009,-449.99989321852854,0.00010678147147112171,0.5012831203649865
DE_gpu_v1,sphere,50,100,0,1000,-449.9997955690145,0.00020443098548115937,0.3825327397646785
DE_gpu_v1,sphere,50,100,1,1001,-449.99982800838836,0.00017199161163085499,0.39319524700957087
DE_gpu_v1,sphere,50,100,2,1002,-449.9998826092093,0.00011739079068157276,0.40316603089476977
DE_gpu_v1,sphere,50,100,3,1003,-449.9999052719753,9.472802466616206e-05,0.38745484356464993
DE_gpu_v1,sphere,50,100,4,1004,-449.99994110970283,5.889029715813908e-05,0.4168812664743316
DE_gpu_v1,sphere,50,100,5,1005,-449.9998776527063,0.00012234729372085227,0.41351788835751346
DE_gpu_v1,sphere,50,100,6,1006,-449.9995270864562,0.0004729135437925691,0.3835454825285692
DE_gpu_v1,sphere,50,100,7,1007,-449.9995798849503,0.00042011504965963696,0.3827615326066168
DE_gpu_v1,sphere,50,100,8,1008,-449.999923891531,7.610846896124707e-05,0.3673759185939474
DE_gpu_v1,sphere,50,100,9,1009,-449.9996648355235,0.00033516447650309733,0.3958315767247367
DE_gpu_v2,sphere,50,100,0,1000,-449.99991298606557,8.701393442616877e-05,0.1304732777075196
DE_gpu_v2,sphere,50,100,1,1001,-449.9998640817662,0.00013591823380591087,0.13306232768089885
DE_gpu_v2,sphere,50,100,2,1002,-449.99993489633994,6.510366008484834e-05,0.12036003515970957
DE_gpu_v2,sphere,50,100,3,1003,-449.9998069629309,0.00019303706911340428,0.13262603203713674
DE_gpu_v2,sphere,50,100,4,1004,-449.99973012292736,0.0002698770726206819,0.12627104342889
DE_gpu_v2,sphere,50,100,5,1005,-449.9997814665283,0.00021853347169318067,0.1308478230265307
DE_gpu_v2,sphere,50,100,6,1006,-449.99996227993364,3.772006638414459e-05,0.13208907497968134
DE_gpu_v2,sphere,50,100,7,1007,-449.9999530924227,4.690757731883847e-05,0.13405417504702816
DE_gpu_v2,sphere,50,100,8,1008,-449.9996208390091,0.0003791609908890699,0.1284004932833929
DE_gpu_v2,sphere,50,100,9,1009,-449.99995840133266,4.159866733315179e-05,0.12937430289426546
DE_gpu_jDE,sphere,50,100,0,1000,-449.99994646497777,5.353502222747557e-05,0.13239454918319737
DE_gpu_jDE,sphere,50,100,1,1001,-449.99992347795967,7.652204031319191e-05,0.12017972570497247
DE_gpu_jDE,sphere,50,100,2,1002,-449.9999763203976,2.3679602423941255e-05,0.13109034423728289
DE_gpu_jDE,sphere,50,100,3,1003,-449.99991736172666,8.263827335422576e-05,0.12401386129010365
DE_gpu_jDE,sphere,50,100,4,1004,-449.9999507520475,4.9247952510811834e-05,0.1274772357078086
DE_gpu_jDE,sphere,50,100,5,1005,-449.99993982470676,6.0175293236336376e-05,0.12688048370133106
DE_gpu_jDE,sphere,50,100,6,1006,-449.9999689132472,3.10867527963691e-05,0.12358811426000747
DE_gpu_jDE,sphere,50,100,7,1007,-449.99997481986895,2.5180131063197092e-05,0.12535316877119648
DE_gpu_jDE,sphere,50,100,8,1008,-449.99994362403856,5.63759614543824e-05,0.1297027362062055
DE_gpu_jDE,sphere,50,100,9,1009,-449.9999486125621,5.1387437889898144e-05,0.13328070897163866
DE_seq,sphere,50,500,0,1000,-449.99842187557925,0.0015781244207351908,0.4720241723849296
DE_seq,sphere,50,500,1,1001,-449.998627986725,0.001372013274987298,0.49429403912451386
DE_seq,sphere,50,500,2,1002,-449.9980843145156,0.0019156854843675629,0.49928172437527696
DE_seq,sphere,50,500,3,1003,-449.99974471420194,0.000255285798075027,0.49102743365112234
DE_seq,sphere,50,500,4,1004,-449.9995635508729,0.00043644912710164106,0.5102564463925267
DE_seq,sphere,50,500,5,1005,-449.9999413676115,5.863238850857787e-05,0.4923478162599605
DE_seq,sphere,50,500,6,1006,-449.9998099578872,0.00019004211280411516,0.478778439180572
DE_seq,sphere,50,500,7,1007,-449.9988832606573,0.0011167393427109252,0.48436712445819846
DE_seq,sphere,50,500,8,1008,-449.9993854628829,0.0006145371170720743,0.5336179501368943
DE_seq,sphere,50,500,9,1009,-449.99955574093195,0.00044425906806074,0.49794973513850255
DE_gpu_v1,sphere,50,500,0,1000,-449.99953328358345,0.0004667164165566693,0.12046820638863512
DE_gpu_v1,sphere,50,500,1,1001,-449.9990564626689,0.0009435373311003136,0.1278922926441608
DE_gpu_v1,sphere,50,500,2,1002,-449.9996739284144,0.00032607158560131103,0.1130259669961922
DE_gpu_v1,sphere,50,500,3,1003,-449.99973328699576,0.0002667130042445712,0.11861168697702808
DE_gpu_v1,sphere,50,500,4,1004,-449.9994882403618,0.0005117596382087185,0.11371473376966029
DE_gpu_v1,sphere,50,500,5,1005,-449.99962455916676,0.0003754408332576836,0.12034985163542453
DE_gpu_v1,sphere,50,500,6,1006,-449.99860391387665,0.0013960861233300724,0.11957085913943817
DE_gpu_v1,sphere,50,500,7,1007,-449.9993907540046,0.0006092459954279387,0.11408305611342319
DE_gpu_v1,sphere,50,500,8,1008,-449.999579050122,0.0004209498780116062,0.11960855652989467
DE_gpu_v1,sphere,50,500,9,1009,-449.9965735067411,0.003426493258955577,0.13428885910525107
DE_gpu_v2,sphere,50,500,0,1000,-449.99948803177193,0.0005119682280876601,0.06824666145959318
DE_gpu_v2,sphere,50,500,1,1001,-449.9987681543279,0.0012318456721053467,0.06646489466204347
DE_gpu_v2,sphere,50,500,2,1002,-449.9996749977187,0.0003250022812964466,0.06391694092604422
DE_gpu_v2,sphere,50,500,3,1003,-449.99946849291376,0.0005315070862358598,0.06683584919532616
DE_gpu_v2,sphere,50,500,4,1004,-449.99900391918817,0.0009960808118440795,0.06508747766831487
DE_gpu_v2,sphere,50,500,5,1005,-449.9995939216535,0.00040607834650375867,0.06534067894018149
DE_gpu_v2,sphere,50,500,6,1006,-449.9995690795887,0.00043092041131883674,0.06493473593284674
DE_gpu_v2,sphere,50,500,7,1007,-449.99811285589027,0.0018871441097538708,0.06877023787393714
DE_gpu_v2,sphere,50,500,8,1008,-449.9997258641363,0.00027413586371889697,0.06296505352049861
DE_gpu_v2,sphere,50,500,9,1009,-449.99978273781437,0.0002172621856331677,0.06428724388582306
DE_gpu_jDE,sphere,50,500,0,1000,-449.9999694423892,3.055761080082633e-05,0.07119774784137983
DE_gpu_jDE,sphere,50,500,1,1001,-449.9998835274137,0.00011647258627512717,0.07281718890547738
DE_gpu_jDE,sphere,50,500,2,1002,-449.9999692149655,3.0785034475557755e-05,0.07032396445735516
DE_gpu_jDE,sphere,50,500,3,1003,-449.99995637176454,4.362823546357879e-05,0.06384920213644148
DE_gpu_jDE,sphere,50,500,4,1004,-449.99986202549235,0.00013797450765045365,0.06360024211360384
DE_gpu_jDE,sphere,50,500,5,1005,-449.99990564793177,9.435206823473825e-05,0.06352738283654139
DE_gpu_jDE,sphere,50,500,6,1006,-449.9999389564736,6.104352640280706e-05,0.06842494365650728
DE_gpu_jDE,sphere,50,500,7,1007,-449.99963085981676,0.0003691401832596836,0.06448564731782083
DE_gpu_jDE,sphere,50,500,8,1008,-449.9999368892398,6.311076020978821e-05,0.06775178925114093
DE_gpu_jDE,sphere,50,500,9,1009,-449.9998286075383,0.00017139246171103895,0.06390401229833717
DE_seq,sphere,100,50,0,1000,-449.99910887053124,0.0008911294687324533,1.874686365553139
DE_seq,sphere,100,50,1,1001,-449.9985733932608,0.001426606739159395,1.8274187017184644
DE_seq,sphere,100,50,2,1002,-449.99842523411075,0.0015747658892609965,2.072669188420541
DE_seq,sphere,100,50,3,1003,-449.99942179976097,0.0005782002390139557,2.1173509331325566
DE_seq,sphere,100,50,4,1004,-449.9991248143158,0.0008751856842165251,1.962623765208207
DE_seq,sphere,100,50,5,1005,-449.9982161371221,0.0017838628778980817,1.9861945716821534
DE_seq,sphere,100,50,6,1006,-449.99922978681184,0.000770213188168491,2.0562739413190774
DE_seq,sphere,100,50,7,1007,-449.99966335006644,0.0003366499335341282,1.9881548325170546
DE_seq,sphere,100,50,8,1008,-449.99965963999574,0.0003403600042741513,2.019192797020296
DE_seq,sphere,100,50,9,1009,-449.9972552645016,0.00274473549844756,1.8339603951989687
DE_gpu_v1,sphere,100,50,0,1000,-449.99805416856964,0.0019458314303492368,1.3759116186785176
DE_gpu_v1,sphere,100,50,1,1001,-449.99968442762975,0.0003155723702282523,1.3853739291720084
DE_gpu_v1,sphere,100,50,2,1002,-449.999397246446,0.0006027535539937804,1.4492571008932813
DE_gpu_v1,sphere,100,50,3,1003,-449.99929424824046,0.0007057517595680244,1.4368002975369667
DE_gpu_v1,sphere,100,50,4,1004,-449.99924470679156,0.0007552932084425175,1.408447761911729
DE_gpu_v1,sphere,100,50,5,1005,-449.9989339255435,0.0010660744564954423,1.4418675202498998
DE_gpu_v1,sphere,100,50,6,1006,-449.99766969305364,0.002330306946334425,1.337888648192221
DE_gpu_v1,sphere,100,50,7,1007,-449.9989391654018,0.001060834598205161,1.4196696676414484
DE_gpu_v1,sphere,100,50,8,1008,-449.9977608375794,0.0022391624206057007,1.5435882871116708
DE_gpu_v1,sphere,100,50,9,1009,-449.99914112452706,0.0008588754729643189,1.4107326378673122
DE_gpu_v2,sphere,100,50,0,1000,-449.99819541110173,0.0018045888982844223,0.3713959968054
DE_gpu_v2,sphere,100,50,1,1001,-449.9994363590948,0.0005636409052192224,0.36121382603251634
DE_gpu_v2,sphere,100,50,2,1002,-449.9995430109255,0.00045698907453546025,0.40132915776476225
DE_gpu_v2,sphere,100,50,3,1003,-449.99932494951605,0.0006750504839701682,0.40388603661062517
DE_gpu_v2,sphere,100,50,4,1004,-449.9996388475578,0.0003611524422059851,0.3650240039352193
DE_gpu_v2,sphere,100,50,5,1005,-449.9939849060549,0.006015093945129768,0.3516190577724009
DE_gpu_v2,sphere,100,50,6,1006,-449.9933767819376,0.006623218062376872,0.3831789671417211
DE_gpu_v2,sphere,100,50,7,1007,-449.99915848639415,0.0008415136058364573,0.38911922548430755
DE_gpu_v2,sphere,100,50,8,1008,-449.9987785504212,0.0012214495787696666,0.36992587892313855
DE_gpu_v2,sphere,100,50,9,1009,-449.9985605296327,0.0014394703672983209,0.36901791328305034
DE_gpu_jDE,sphere,100,50,0,1000,-449.9998033770296,0.00019662297041726475,0.38045058713247326
DE_gpu_jDE,sphere,100,50,1,1001,-449.9998133516544,0.00018664834560499087,0.3595974443968128
DE_gpu_jDE,sphere,100,50,2,1002,-449.9999487334934,5.126650658567833e-05,0.39547198464338085
DE_gpu_jDE,sphere,100,50,3,1003,-449.99988397636963,0.00011602363038154006,0.36547749174414085
DE_gpu_jDE,sphere,100,50,4,1004,-449.9992528076219,0.0007471923781017813,0.3663516748185829
DE_gpu_jDE,sphere,100,50,5,1005,-449.9996068003664,0.00039319963360441,0.3796358792380331
DE_gpu_jDE,sphere,100,50,6,1006,-449.9998832161963,0.00011678380371308884,0.37240881351836164
DE_gpu_jDE,sphere,100,50,7,1007,-449.99983244962493,0.00016755037505154733,0.35904729351571446
DE_gpu_jDE,sphere,100,50,8,1008,-449.99966650563834,0.00033349436166223314,0.3996063792378124
DE_gpu_jDE,sphere,100,50,9,1009,-449.99935919202454,0.0006408079754338362,0.366522932820913
DE_seq,sphere,100,100,0,1000,-449.99822639452714,0.001773605472862019,2.0306259840223007
DE_seq,sphere,100,100,1,1001,-449.9994956253665,0.0005043746335136741,2.01725120771922
DE_seq,sphere,100,100,2,1002,-449.99965399326646,0.0003460067335096947,2.004906268063396
DE_seq,sphere,100,100,3,1003,-449.9968703816792,0.0031296183208166456,2.0116255221252484
DE_seq,sphere,100,100,4,1004,-449.99946235773893,0.0005376422610934871,1.910816542347467
DE_seq,sphere,100,100,5,1005,-449.99343193329946,0.006568066700564761,2.1978342752716937
DE_seq,sphere,100,100,6,1006,-449.99837858461547,0.0016214153845142156,1.9906844939979629
DE_seq,sphere,100,100,7,1007,-449.997863745136,0.002136254864008675,2.037859347023801
DE_seq,sphere,100,100,8,1008,-449.9993031482058,0.0006968517942191389,2.058599166815086
DE_seq,sphere,100,100,9,1009,-449.9990832232823,0.0009167767177008378,1.961981133503486
DE_gpu_v1,sphere,100,100,0,1000,-449.9994767271919,0.00052327280809476,0.7416210848920967
DE_gpu_v1,sphere,100,100,1,1001,-449.994330028203,0.005669971796963247,0.7069908534991113
DE_gpu_v1,sphere,100,100,2,1002,-449.99678291865837,0.0032170813416516233,0.7535581887008702
DE_gpu_v1,sphere,100,100,3,1003,-449.99838661160425,0.0016133883957278514,0.7439872731307768
DE_gpu_v1,sphere,100,100,4,1004,-449.99911964411405,0.000880355885952915,0.7324965704686459
DE_gpu_v1,sphere,100,100,5,1005,-449.99781977195613,0.002180228043875122,0.700885770049324
DE_gpu_v1,sphere,100,100,6,1006,-449.9997670193382,0.00023298066179360671,0.7965382796412002
DE_gpu_v1,sphere,100,100,7,1007,-449.9955816156161,0.004418384383904608,0.7740982887170895
DE_gpu_v1,sphere,100,100,8,1008,-449.99420442157776,0.005795578422223334,0.7998105149500939
DE_gpu_v1,sphere,100,100,9,1009,-449.9974815458079,0.0025184541920895693,0.7167884270206577
DE_gpu_v2,sphere,100,100,0,1000,-449.9850290171446,0.014970982855429613,0.22125656088344303
DE_gpu_v2,sphere,100,100,1,1001,-449.99242865954864,0.007571340451390519,0.20886399987408177
DE_gpu_v2,sphere,100,100,2,1002,-449.99819887016827,0.001801129831738734,0.20540574521363228
DE_gpu_v2,sphere,100,100,3,1003,-449.99874483921025,0.0012551607897520248,0.21199961377400509
DE_gpu_v2,sphere,100,100,4,1004,-449.9996834163221,0.0003165836778802347,0.21950114083755434
DE_gpu_v2,sphere,100,100,5,1005,-449.99940767801746,0.0005923219825135793,0.21295430943010749
DE_gpu_v2,sphere,100,100,6,1006,-449.99229522696544,0.00770477303456392,0.21466453858952866
DE_gpu_v2,sphere,100,100,7,1007,-449.99963325568126,0.00036674431873181173,0.21006770776625794
DE_gpu_v2,sphere,100,100,8,1008,-449.99928173676614,0.0007182632338641163,0.2098759420889936
DE_gpu_v2,sphere,100,100,9,1009,-449.99905888978645,0.0009411102135177253,0.20762095536622566
DE_gpu_jDE,sphere,100,100,0,1000,-449.9995717072805,0.0004282927194769839,0.21770105483481578
DE_gpu_jDE,sphere,100,100,1,1001,-449.9998310805649,0.00016891943511505292,0.21560598133820416
DE_gpu_jDE,sphere,100,100,2,1002,-449.99984134930475,0.00015865069525203808,0.22246559932998689
DE_gpu_jDE,sphere,100,100,3,1003,-449.99974370265653,0.00025629734344574494,0.22361854753289198
DE_gpu_jDE,sphere,100,100,4,1004,-449.9978962519775,0.002103748022462409,0.21623034248461656
DE_gpu_jDE,sphere,100,100,5,1005,-449.9997151765586,0.0002848234413812573,0.19865447253421578
DE_gpu_jDE,sphere,100,100,6,1006,-449.9969260724603,0.0030739275396879937,0.22179973429519415
DE_gpu_jDE,sphere,100,100,7,1007,-449.9998736405294,0.00012635947060750304,0.20111195367416493
DE_gpu_jDE,sphere,100,100,8,1008,-449.99832889452324,0.0016711054767520024,0.21192975519305904
DE_gpu_jDE,sphere,100,100,9,1009,-449.9998181492913,0.00018185070869712147,0.21844891985876175
DE_seq,sphere,100,500,0,1000,-449.9971270990241,0.0028729009758691904,1.9895783608373918
DE_seq,sphere,100,500,1,1001,-449.97686079792203,0.023139202077958186,1.9809489987856836
DE_seq,sphere,100,500,2,1002,-449.998968556452,0.0010314435480012376,1.9113498214091105
DE_seq,sphere,100,500,3,1003,-449.98984651039666,0.010153489603352299,2.0420446072471257
DE_seq,sphere,100,500,4,1004,-449.9955182377352,0.004481762264795591,1.9861499947251713
DE_seq,sphere,100,500,5,1005,-449.9989341195868,0.0010658804132004903,2.174083168395292
DE_seq,sphere,100,500,6,1006,-449.99680902721065,0.0031909727893816254,2.0546696709877277
DE_seq,sphere,100,500,7,1007,-449.99792033781773,0.0020796621822764274,2.077370278715569
DE_seq,sphere,100,500,8,1008,-449.99581708886467,0.0041829111353236595,1.995650934636017
DE_seq,sphere,100,500,9,1009,-449.99642762296367,0.0035723770363081204,2.052478605692725
DE_gpu_v1,sphere,100,500,0,1000,-449.9977197141949,0.002280285805118977,0.20392121369849753
DE_gpu_v1,sphere,100,500,1,1001,-449.9973630349328,0.002636965067191028,0.1876973795636539
DE_gpu_v1,sphere,100,500,2,1002,-449.99805523714724,0.0019447628527590772,0.17755314605732386
DE_gpu_v1,sphere,100,500,3,1003,-449.9982151491819,0.0017848508181075998,0.18503139204011484
DE_gpu_v1,sphere,100,500,4,1004,-449.9969338587794,0.003066141220613943,0.1910666551626651
DE_gpu_v1,sphere,100,500,5,1005,-449.9961664069085,0.0038335930914719842,0.18659419714720088
DE_gpu_v1,sphere,100,500,6,1006,-449.99850129085314,0.0014987091468536972,0.1861707104109838
DE_gpu_v1,sphere,100,500,7,1007,-449.996903101036,0.0030968989639681204,0.19035263625396132
DE_gpu_v1,sphere,100,500,8,1008,-449.99714506694914,0.002854933050841216,0.1921398084081191
DE_gpu_v1,sphere,100,500,9,1009,-449.9973424704512,0.0026575295487879535,0.19310711330547414
DE_gpu_v2,sphere,100,500,0,1000,-449.9963320472099,0.003667952790114543,0.08286338744890603
DE_gpu_v2,sphere,100,500,1,1001,-449.99946881123367,0.0005311887663212345,0.08882581670646272
DE_gpu_v2,sphere,100,500,2,1002,-449.98531508924344,0.014684910756560652,0.07899707744208327
DE_gpu_v2,sphere,100,500,3,1003,-449.98649562355126,0.013504376448733434,0.08620600837713048
DE_gpu_v2,sphere,100,500,4,1004,-449.9986462556734,0.0013537443265944373,0.08501810536663498
DE_gpu_v2,sphere,100,500,5,1005,-449.9977782543026,0.0022217456974110645,0.07960652238184798
DE_gpu_v2,sphere,100,500,6,1006,-449.9977454880097,0.002254511990287478,0.07647236198379212
DE_gpu_v2,sphere,100,500,7,1007,-449.9934009163587,0.006599083641257367,0.08551742726038479
DE_gpu_v2,sphere,100,500,8,1008,-449.9969097544249,0.0030902455751027277,0.08917692886547485
DE_gpu_v2,sphere,100,500,9,1009,-449.9970055358762,0.002994464123766988,0.08479949302503596
DE_gpu_jDE,sphere,100,500,0,1000,-449.99967732208756,0.00032267791245860916,0.08523933431878884
DE_gpu_jDE,sphere,100,500,1,1001,-449.9997593794878,0.0002406205121946002,0.08492516749375642
DE_gpu_jDE,sphere,100,500,2,1002,-449.9955860577371,0.004413942262885435,0.08309183418963051
DE_gpu_jDE,sphere,100,500,3,1003,-449.99552831773696,0.0044716822630340835,0.08544916091240305
DE_gpu_jDE,sphere,100,500,4,1004,-449.99922511567513,0.0007748843248812441,0.08185031927104365
DE_gpu_jDE,sphere,100,500,5,1005,-449.9996587641116,0.0003412358883938677,0.08205251627088024
DE_gpu_jDE,sphere,100,500,6,1006,-449.99952396870634,0.00047603129367883957,0.08505269736466577
DE_gpu_jDE,sphere,100,500,7,1007,-449.9984808196941,0.001519180305869865,0.0845545157053978
DE_gpu_jDE,sphere,100,500,8,1008,-449.9990354103118,0.0009645896881740824,0.08291141470963846
DE_gpu_jDE,sphere,100,500,9,1009,-449.99913437814115,0.0008656218588605553,0.08185758352817189
DE_seq,rastrigin,10,50,0,1000,-321.53898497413405,8.461015025865937,0.01952654893647535
DE_seq,rastrigin,10,50,1,1001,-325.86578262952526,4.134217370474764,0.020391869059666265
DE_seq,rastrigin,10,50,2,1002,-311.11410709878015,18.88589290121983,0.01965918658783135
DE_seq,rastrigin,10,50,3,1003,-324.67593451622133,5.324065483778668,0.01925836078927303
DE_seq,rastrigin,10,50,4,1004,-321.93890512343256,8.061094876567434,0.02065458264023313
DE_seq,rastrigin,10,50,5,1005,-319.5918724787015,10.408127521298526,0.01894701251555336
DE_seq,rastrigin,10,50,6,1006,-306.8923445604517,23.1076554395483,0.01992112950757336
DE_seq,rastrigin,10,50,7,1007,-320.8475709796721,9.15242902032789,0.01950054571196026
DE_seq,rastrigin,10,50,8,1008,-302.26660608790036,27.733393912099665,0.01850975264934986
DE_seq,rastrigin,10,50,9,1009,-316.1292539109471,13.870746089052895,0.02044097249618286
DE_gpu_v1,rastrigin,10,50,0,1000,-324.6824826836058,5.317517316394183,0.1914411068085567
DE_gpu_v1,rastrigin,10,50,1,1001,-323.37883935274976,6.621160647250244,0.19050488428136583
DE_gpu_v1,rastrigin,10,50,2,1002,-321.727936952469,8.272063047531013,0.1930515791789716
DE_gpu_v1,rastrigin,10,50,3,1003,-324.13904405803777,5.860955941962241,0.19641976751300763
DE_gpu_v1,rastrigin,10,50,4,1004,-324.5716644788491,5.428335521150953,0.19983337466353215
DE_gpu_v1,rastrigin,10,50,5,1005,-327.9744616429731,2.0255383570268957,0.18433988132573426
DE_gpu_v1,rastrigin,10,50,6,1006,-320.077501699982,9.922498300017999,0.19970337562271503
DE_gpu_v1,rastrigin,10,50,7,1007,-325.5445528920997,4.455447107900258,0.1817486376870146
DE_gpu_v1,rastrigin,10,50,8,1008,-321.27946164534836,8.720538354651621,0.18732900839926894
DE_gpu_v1,rastrigin,10,50,9,1009,-320.23353154256375,9.76646845743624,0.18064172839614112
DE_gpu_v2,rastrigin,10,50,0,1000,-324.1760092196684,5.823990780331622,0.08132414844067874
DE_gpu_v2,rastrigin,10,50,1,1001,-321.6007698169173,8.399230183082704,0.08178870262998121
DE_gpu_v2,rastrigin,10,50,2,1002,-314.43157208936685,15.568427910633162,0.08374003197013462
DE_gpu_v2,rastrigin,10,50,3,1003,-327.48225558903863,2.5177444109613583,0.08336115234113022
DE_gpu_v2,rastrigin,10,50,4,1004,-321.65812005282345,8.34187994717656,0.08568126875391174
DE_gpu_v2,rastrigin,10,50,5,1005,-323.94314110129903,6.056858898700941,0.08010636599712562
DE_gpu_v2,rastrigin,10,50,6,1006,-325.8278605380959,4.172139461904097,0.08374707107548364
DE_gpu_v2,rastrigin,10,50,7,1007,-326.8961433134655,3.103856686534545,0.08358609413978638
DE_gpu_v2,rastrigin,10,50,8,1008,-326.5771356571996,3.422864342800397,0.08218403049716543
DE_gpu_v2,rastrigin,10,50,9,1009,-329.1562960706637,0.8437039293363183,0.0862705011585558
DE_gpu_jDE,rastrigin,10,50,0,1000,-327.859673198452,2.1403268015479644,0.07931912470182688
DE_gpu_jDE,rastrigin,10,50,1,1001,-329.0195160405359,0.9804839594640778,0.08383615792704367
DE_gpu_jDE,rastrigin,10,50,2,1002,-321.31873731043254,8.681262689567472,0.08269291770575801
DE_gpu_jDE,rastrigin,10,50,3,1003,-326.19057421826136,3.8094257817386574,0.0763771186999466
DE_gpu_jDE,rastrigin,10,50,4,1004,-328.7044064923343,1.2955935076657132,0.0912352893969891
DE_gpu_jDE,rastrigin,10,50,5,1005,-329.64891615035106,0.35108384964896805,0.08158431803302942
DE_gpu_jDE,rastrigin,10,50,6,1006,-328.87418959959035,1.125810400409631,0.08011017121649372
DE_gpu_jDE,rastrigin,10,50,7,1007,-328.723722392646,1.2762776073540083,0.08209917559774119
DE_gpu_jDE,rastrigin,10,50,8,1008,-328.1645049610312,1.8354950389688276,0.08179883548190324
DE_gpu_jDE,rastrigin,10,50,9,1009,-328.2101467076635,1.789853292336491,0.07822876768279456
DE_seq,rastrigin,10,100,0,1000,-321.3141814712742,8.685818528725825,0.01962854686968651
DE_seq,rastrigin,10,100,1,1001,-319.8264087002179,10.173591299782137,0.019137063819811714
DE_seq,rastrigin,10,100,2,1002,-326.22854521861706,3.7714547813829506,0.01970621406715774
DE_seq,rastrigin,10,100,3,1003,-327.6941099811937,2.3058900188062568,0.01972412516611272
DE_seq,rastrigin,10,100,4,1004,-323.53386820813563,6.466131791864387,0.01947883069065465
DE_seq,rastrigin,10,100,5,1005,-314.2886698300025,15.711330169997487,0.019270689349352194
DE_seq,rastrigin,10,100,6,1006,-324.46254282847354,5.537457171526436,0.019436949933660803
DE_seq,rastrigin,10,100,7,1007,-316.1038195565574,13.896180443442587,0.0208688662810759
DE_seq,rastrigin,10,100,8,1008,-328.6366686615185,1.3633313384815124,0.0203900867203867
DE_seq,rastrigin,10,100,9,1009,-318.0525267373807,11.947473262619352,0.018903900919573616
DE_gpu_v1,rastrigin,10,100,0,1000,-323.69553918897157,6.30446081102843,0.11630686125343383
DE_gpu_v1,rastrigin,10,100,1,1001,-317.0934172319423,12.906582768057733,0.11560509952962976
DE_gpu_v1,rastrigin,10,100,2,1002,-323.25097391415073,6.749026085849257,0.123376322435599
DE_gpu_v1,rastrigin,10,100,3,1003,-328.45242151025826,1.5475784897417588,0.1193589167857886
DE_gpu_v1,rastrigin,10,100,4,1004,-320.6648356264618,9.335164373538168,0.1150654436463008
DE_gpu_v1,rastrigin,10,100,5,1005,-327.89380589622203,2.106194103777941,0.1304401942990864
DE_gpu_v1,rastrigin,10,100,6,1006,-326.5491933599704,3.4508066400295867,0.12016676166414969
DE_gpu_v1,rastrigin,10,100,7,1007,-321.9892266066229,8.010773393377113,0.1222990219918595
DE_gpu_v1,rastrigin,10,100,8,1008,-317.4041075110204,12.59589248897958,0.12301609247036634
DE_gpu_v1,rastrigin,10,100,9,1009,-300.8216680418829,29.178331958117074,0.11392225709480883
DE_gpu_v2,rastrigin,10,100,0,1000,-326.5529410058294,3.447058994170625,0.0660596893771323
DE_gpu_v2,rastrigin,10,100,1,1001,-324.36946567753535,5.630534322464636,0.06342996760851868
DE_gpu_v2,rastrigin,10,100,2,1002,-327.15482918916064,2.845170810839387,0.06340921395263209
DE_gpu_v2,rastrigin,10,100,3,1003,-328.3765280281294,1.623471971870568,0.06257768221417029
DE_gpu_v2,rastrigin,10,100,4,1004,-324.16014386476064,5.8398561352393346,0.06358446014600547
DE_gpu_v2,rastrigin,10,100,5,1005,-322.8928181066762,7.107181893323782,0.06293220441880143
DE_gpu_v2,rastrigin,10,100,6,1006,-324.5936043027527,5.406395697247322,0.06943620948292244
DE_gpu_v2,rastrigin,10,100,7,1007,-325.65685482802473,4.343145171975278,0.0650693912559713
DE_gpu_v2,rastrigin,10,100,8,1008,-325.9090288383149,4.090971161685127,0.06432585702936311
DE_gpu_v2,rastrigin,10,100,9,1009,-329.2468495086608,0.7531504913392502,0.06578581583091968
DE_gpu_jDE,rastrigin,10,100,0,1000,-328.1859616928264,1.814038307173566,0.06222805175445035
DE_gpu_jDE,rastrigin,10,100,1,1001,-328.3871593115591,1.6128406884408673,0.06064650973695362
DE_gpu_jDE,rastrigin,10,100,2,1002,-328.8475465661683,1.152453433831704,0.06273434277715569
DE_gpu_jDE,rastrigin,10,100,3,1003,-329.4188368665158,0.5811631334842221,0.06332686794098655
DE_gpu_jDE,rastrigin,10,100,4,1004,-328.5253563348115,1.4746436651885335,0.0631830329189026
DE_gpu_jDE,rastrigin,10,100,5,1005,-328.6889574311152,1.311042568884754,0.06952419811450425
DE_gpu_jDE,rastrigin,10,100,6,1006,-329.86347315023977,0.13652684976020812,0.06626614330792245
DE_gpu_jDE,rastrigin,10,100,7,1007,-329.3378874785207,0.6621125214793134,0.06753512761247972
DE_gpu_jDE,rastrigin,10,100,8,1008,-328.40096677428767,1.599033225712338,0.0640509898510931
DE_gpu_jDE,rastrigin,10,100,9,1009,-327.1952843086951,2.8047156913049105,0.0652006030174562
DE_seq,rastrigin,10,500,0,1000,-320.83114568297106,9.16885431702895,0.018861411400715962
DE_seq,rastrigin,10,500,1,1001,-327.4119670906012,2.588032909398818,0.020338032309650297
DE_seq,rastrigin,10,500,2,1002,-328.4675315637401,1.5324684362598926,0.020364424268688945
DE_seq,rastrigin,10,500,3,1003,-324.1038885470994,5.896111452900562,0.0190772621627914
DE_seq,rastrigin,10,500,4,1004,-326.1885581360724,3.8114418639276093,0.02113702567919156
DE_seq,rastrigin,10,500,5,1005,-325.72010056931055,4.279899430689449,0.018981739456672645
DE_seq,rastrigin,10,500,6,1006,-326.4020218287954,3.597978171204583,0.019304246929844553
DE_seq,rastrigin,10,500,7,1007,-328.39612148094636,1.6038785190536151,0.01974913541836168
DE_seq,rastrigin,10,500,8,1008,-324.9527540340329,5.047245965967086,0.019007288215125793
DE_seq,rastrigin,10,500,9,1009,-327.307312675719,2.692687324280984,0.019332978144989688
DE_gpu_v1,rastrigin,10,500,0,1000,-328.47246562710234,1.5275343728976678,0.06006493201727242
DE_gpu_v1,rastrigin,10,500,1,1001,-327.1152763543434,2.884723645656592,0.06461693487280037
DE_gpu_v1,rastrigin,10,500,2,1002,-327.08141189159795,2.9185881084020635,0.06308389578884731
DE_gpu_v1,rastrigin,10,500,3,1003,-329.4656605743196,0.5343394256804198,0.06195286550197273
DE_gpu_v1,rastrigin,10,500,4,1004,-328.19073005130406,1.809269948695921,0.06388590028079348
DE_gpu_v1,rastrigin,10,500,5,1005,-326.2900221127,3.7099778872999964,0.06195414937621454
DE_gpu_v1,rastrigin,10,500,6,1006,-313.641330945787,16.358669054213006,0.0670333368345132
DE_gpu_v1,rastrigin,10,500,7,1007,-327.7903847498726,2.2096152501273782,0.06436868475432642
DE_gpu_v1,rastrigin,10,500,8,1008,-327.1593365779475,2.8406634220525047,0.06266772767966682
DE_gpu_v1,rastrigin,10,500,9,1009,-319.239637033881,10.76036296611897,0.06611613897477323
DE_gpu_v2,rastrigin,10,500,0,1000,-323.692692089076,6.307307910924029,0.05546368896818794
DE_gpu_v2,rastrigin,10,500,1,1001,-329.28923098652183,0.710769013478198,0.05502201685391072
DE_gpu_v2,rastrigin,10,500,2,1002,-324.37696448514413,5.623035514855886,0.05563388579103253
DE_gpu_v2,rastrigin,10,500,3,1003,-326.9699542137235,3.030045786276478,0.0535360499867027
DE_gpu_v2,rastrigin,10,500,4,1004,-329.4866770994273,0.5133229005726782,0.04992606256429153
DE_gpu_v2,rastrigin,10,500,5,1005,-326.075390618257,3.9246093817429566,0.052801500373801165
DE_gpu_v2,rastrigin,10,500,6,1006,-321.96187476415633,8.038125235843673,0.05563256837792511
DE_gpu_v2,rastrigin,10,500,7,1007,-327.1233909653313,2.8766090346687143,0.05335041829631214
DE_gpu_v2,rastrigin,10,500,8,1008,-327.71735489087786,2.282645109122159,0.050096338511626474
DE_gpu_v2,rastrigin,10,500,9,1009,-325.59462087611973,4.40537912388024,0.04989162524257332
DE_gpu_jDE,rastrigin,10,500,0,1000,-329.5048684098532,0.49513159014681113,0.05392305459235731
DE_gpu_jDE,rastrigin,10,500,1,1001,-328.76690682230236,1.2330931776976441,0.051310428517103414
DE_gpu_jDE,rastrigin,10,500,2,1002,-327.97692229150545,2.023077708494548,0.055985747889448254
DE_gpu_jDE,rastrigin,10,500,3,1003,-329.1107331678422,0.8892668321577661,0.05422289328869572
DE_gpu_jDE,rastrigin,10,500,4,1004,-329.23613839169553,0.7638616083044869,0.05556460083734344
DE_gpu_jDE,rastrigin,10,500,5,1005,-328.9270606737961,1.072939326203897,0.05157019279521227
DE_gpu_jDE,rastrigin,10,500,6,1006,-326.99894417904045,3.0010558209595435,0.055354765534628175
DE_gpu_jDE,rastrigin,10,500,7,1007,-329.13478051204237,0.865219487957658,0.056296328083361734
DE_gpu_jDE,rastrigin,10,500,8,1008,-329.2556483458956,0.7443516541043628,0.05248322563054124
DE_gpu_jDE,rastrigin,10,500,9,1009,-327.0628122619225,2.9371877380775,0.05360928582185199
DE_seq,rastrigin,50,50,0,1000,-321.20618367797164,8.793816322028341,0.5013182927460825
DE_seq,rastrigin,50,50,1,1001,-261.76781361598137,68.23218638401863,0.5228358294758401
DE_seq,rastrigin,50,50,2,1002,-291.41978027902155,38.580219720978434,0.4758379370779872
DE_seq,rastrigin,50,50,3,1003,-291.2237727445223,38.776227255477714,0.49650560327812143
DE_seq,rastrigin,50,50,4,1004,-298.71978463431424,31.28021536568574,0.49185330921920484
DE_seq,rastrigin,50,50,5,1005,-275.7520996554964,54.247900344503606,0.47534287869770325
DE_seq,rastrigin,50,50,6,1006,-292.7802906699884,37.21970933001161,0.5182348955484242
DE_seq,rastrigin,50,50,7,1007,-266.5988809399653,63.401119060034695,0.4566693438993435
DE_seq,rastrigin,50,50,8,1008,-320.2673038422842,9.732696157715768,0.5157010189395885
DE_seq,rastrigin,50,50,9,1009,-262.2562060401379,67.7437939598621,0.49683535342688256
DE_gpu_v1,rastrigin,50,50,0,1000,-304.89505183071896,25.104948169281027,0.7092271825837914
DE_gpu_v1,rastrigin,50,50,1,1001,-320.5903489670887,9.40965103291131,0.7030311538982692
DE_gpu_v1,rastrigin,50,50,2,1002,-283.23746207765095,46.76253792234903,0.7444236801676996
DE_gpu_v1,rastrigin,50,50,3,1003,-317.5274357806801,12.472564219319906,0.7540338097021839
DE_gpu_v1,rastrigin,50,50,4,1004,-291.87098277905216,38.129017220947816,0.7367450439725506
DE_gpu_v1,rastrigin,50,50,5,1005,-307.3427384911658,22.657261508834235,0.7728483386061049
DE_gpu_v1,rastrigin,50,50,6,1006,-271.6978815655193,58.302118434480676,0.7301706255124027
DE_gpu_v1,rastrigin,50,50,7,1007,-311.56859375740487,18.431406242595138,0.7466228695624233
DE_gpu_v1,rastrigin,50,50,8,1008,-325.6304613550994,4.369538644900616,0.7155096757839381
DE_gpu_v1,rastrigin,50,50,9,1009,-300.1889202123576,29.81107978764245,0.7005286813675148
DE_gpu_v2,rastrigin,50,50,0,1000,-312.7584344778526,17.241565522147443,0.20257615465335135
DE_gpu_v2,rastrigin,50,50,1,1001,-235.12252990811317,94.87747009188682,0.2312378347974315
DE_gpu_v2,rastrigin,50,50,2,1002,-313.85524206977226,16.144757930227748,0.2080704149006238
DE_gpu_v2,rastrigin,50,50,3,1003,-313.1605983213333,16.839401678666736,0.2189397487396041
DE_gpu_v2,rastrigin,50,50,4,1004,-294.5623992386393,35.43760076136073,0.2062676864821606
DE_gpu_v2,rastrigin,50,50,5,1005,-296.5279347766822,33.472065223317806,0.22177120710788897
DE_gpu_v2,rastrigin,50,50,6,1006,-285.0802809735221,44.91971902647789,0.20850073206617095
DE_gpu_v2,rastrigin,50,50,7,1007,-289.1129831365096,40.88701686349036,0.20321593888216175
DE_gpu_v2,rastrigin,50,50,8,1008,-321.44109109558906,8.558908904410918,0.20513670366248626
DE_gpu_v2,rastrigin,50,50,9,1009,-229.80214712304735,100.19785287695264,0.21405153970264176
DE_gpu_jDE,rastrigin,50,50,0,1000,-324.7736642800609,5.226335719939089,0.2128646481855497
DE_gpu_jDE,rastrigin,50,50,1,1001,-324.94192121340035,5.058078786599627,0.21346347822781023
DE_gpu_jDE,rastrigin,50,50,2,1002,-326.1592635298253,3.8407364701747104,0.21314106663188892
DE_gpu_jDE,rastrigin,50,50,3,1003,-326.9809594887155,3.019040511284543,0.204621428937969
DE_gpu_jDE,rastrigin,50,50,4,1004,-309.6158074343582,20.38419256564182,0.20580439164636274
DE_gpu_jDE,rastrigin,50,50,5,1005,-312.8831133420607,17.116886657939308,0.21028584767839076
DE_gpu_jDE,rastrigin,50,50,6,1006,-327.1156744210515,2.884325578948506,0.22062781719198646
DE_gpu_jDE,rastrigin,50,50,7,1007,-301.1947146158603,28.805285384139726,0.23024436881917745
DE_gpu_jDE,rastrigin,50,50,8,1008,-320.96152706093454,9.038472939065446,0.2185612211286701
DE_gpu_jDE,rastrigin,50,50,9,1009,-247.72855431644047,82.27144568355953,0.21676365736758535
DE_seq,rastrigin,50,100,0,1000,-307.73957665242995,22.260423347570025,0.5021899240454275
DE_seq,rastrigin,50,100,1,1001,-274.7512727312568,55.24872726874323,0.4986608486728056
DE_seq,rastrigin,50,100,2,1002,-303.36713682998857,26.63286317001144,0.49804614111573736
DE_seq,rastrigin,50,100,3,1003,-308.7983209239849,21.201679076015115,0.5238716684881424
DE_seq,rastrigin,50,100,4,1004,-123.88719731890032,206.11280268109968,0.5131999578844725
DE_seq,rastrigin,50,100,5,1005,-308.4916172635745,21.508382736425517,0.5160779092778753
DE_seq,rastrigin,50,100,6,1006,-264.9500964069696,65.04990359303042,0.5014756194863484
DE_seq,rastrigin,50,100,7,1007,-323.4305871496928,6.569412850307191,0.48682714008734623
DE_seq,rastrigin,50,100,8,1008,-288.4189755775706,41.58102442242936,0.5219627567359056
DE_seq,rastrigin,50,100,9,1009,-281.5601087579574,48.4398912420426,0.4789274613743364
DE_gpu_v1,rastrigin,50,100,0,1000,-273.0375354313463,56.96246456865365,0.37347771862973844
DE_gpu_v1,rastrigin,50,100,1,1001,-295.3720456229406,34.62795437705937,0.392890102598126
DE_gpu_v1,rastrigin,50,100,2,1002,-295.473211264963,34.52678873503698,0.3781063906100534
DE_gpu_v1,rastrigin,50,100,3,1003,-286.36433164048213,43.63566835951787,0.3758884876788092
DE_gpu_v1,rastrigin,50,100,4,1004,-277.3215624775741,52.67843752242589,0.3635666076343086
DE_gpu_v1,rastrigin,50,100,5,1005,-307.60399919340045,22.396000806599556,0.3838395172973589
DE_gpu_v1,rastrigin,50,100,6,1006,-313.9840156810955,16.015984318904504,0.39608545704344583
DE_gpu_v1,rastrigin,50,100,7,1007,-313.10801104101444,16.891988958985557,0.4110416730310258
DE_gpu_v1,rastrigin,50,100,8,1008,-314.8087191116311,15.191280888368887,0.3977217280989002
DE_gpu_v1,rastrigin,50,100,9,1009,-281.72341378494656,48.27658621505346,0.3691518003234122
DE_gpu_v2,rastrigin,50,100,0,1000,-323.60218923356035,6.39781076643963,0.12813265502462046
DE_gpu_v2,rastrigin,50,100,1,1001,-311.81662522183603,18.18337477816397,0.12983269720074805
DE_gpu_v2,rastrigin,50,100,2,1002,-308.14844263378205,21.851557366217932,0.13588936964257528
DE_gpu_v2,rastrigin,50,100,3,1003,-318.6326907588658,11.367309241134205,0.12498323548991708
DE_gpu_v2,rastrigin,50,100,4,1004,-303.0563943209886,26.94360567901141,0.12985270446809974
DE_gpu_v2,rastrigin,50,100,5,1005,-324.1833283532088,5.8166716467911606,0.12918650960674294
DE_gpu_v2,rastrigin,50,100,6,1006,-320.1456828589479,9.85431714105207,0.1251743263419564
DE_gpu_v2,rastrigin,50,100,7,1007,-236.28156027258441,93.71843972741559,0.12999214927077207
DE_gpu_v2,rastrigin,50,100,8,1008,-314.3922409492917,15.607759050708294,0.12810776701399562
DE_gpu_v2,rastrigin,50,100,9,1009,-307.92207925431285,22.077920745687145,0.1289272588410889
DE_gpu_jDE,rastrigin,50,100,0,1000,-327.7299709658664,2.2700290341335863,0.1372138162854035
DE_gpu_jDE,rastrigin,50,100,1,1001,-320.6496859883655,9.350314011634518,0.13004946197162717
DE_gpu_jDE,rastrigin,50,100,2,1002,-325.46314270598407,4.536857294015937,0.1290740236067075
DE_gpu_jDE,rastrigin,50,100,3,1003,-326.08366938217773,3.9163306178222714,0.13098773749101555
DE_gpu_jDE,rastrigin,50,100,4,1004,-326.41507386465065,3.584926135349375,0.1327582194575492
DE_gpu_jDE,rastrigin,50,100,5,1005,-312.7081288412776,17.291871158722394,0.12770404470283983
DE_gpu_jDE,rastrigin,50,100,6,1006,-318.3144957297042,11.68550427029578,0.12628609982333333
DE_gpu_jDE,rastrigin,50,100,7,1007,-312.8177687484438,17.182231251556168,0.1295804327709995
DE_gpu_jDE,rastrigin,50,100,8,1008,-321.2915455923695,8.70845440763051,0.13021571084077432
DE_gpu_jDE,rastrigin,50,100,9,1009,-328.4127603059192,1.5872396940807991,0.1229347972358358
DE_seq,rastrigin,50,500,0,1000,-267.5826712705661,62.417328729433905,0.5163484707670151
DE_seq,rastrigin,50,500,1,1001,-323.40017902012227,6.599820979877755,0.5067354901317468
DE_seq,rastrigin,50,500,2,1002,-302.47291328881727,27.527086711182747,0.5292564836664104
DE_seq,rastrigin,50,500,3,1003,-310.71508369412305,19.284916305876962,0.4963534042272985
DE_seq,rastrigin,50,500,4,1004,-320.7447450017675,9.25525499823248,0.4845483866533573
DE_seq,rastrigin,50,500,5,1005,-324.4130151032446,5.586984896755397,0.4974594776638078
DE_seq,rastrigin,50,500,6,1006,-322.90451767826323,7.095482321736742,0.5081200564460073
DE_seq,rastrigin,50,500,7,1007,-305.6878012111699,24.31219878883008,0.48641306367295345
DE_seq,rastrigin,50,500,8,1008,-315.71696776088925,14.283032239110764,0.5134739271899735
DE_seq,rastrigin,50,500,9,1009,-315.537972223818,14.462027776182023,0.500855548191957
DE_gpu_v1,rastrigin,50,500,0,1000,-328.4266578498603,1.5733421501396792,0.1215621967720612
DE_gpu_v1,rastrigin,50,500,1,1001,-297.90900279068103,32.09099720931894,0.11270478445188006
DE_gpu_v1,rastrigin,50,500,2,1002,-318.76393399328225,11.236066006717747,0.12192478634661383
DE_gpu_v1,rastrigin,50,500,3,1003,-323.29687643909654,6.7031235609034425,0.1213215829377039
DE_gpu_v1,rastrigin,50,500,4,1004,-287.3981312030974,42.60186879690259,0.10913047519723953
DE_gpu_v1,rastrigin,50,500,5,1005,-309.2435822855115,20.75641771448852,0.11036369510992368
DE_gpu_v1,rastrigin,50,500,6,1006,-299.02644337565835,30.97355662434163,0.11736031650445881
DE_gpu_v1,rastrigin,50,500,7,1007,-325.72720935766614,4.27279064233385,0.118741204840869
DE_gpu_v1,rastrigin,50,500,8,1008,-311.5517116806596,18.448288319340413,0.11731096506846334
DE_gpu_v1,rastrigin,50,500,9,1009,-306.50456072689326,23.495439273106722,0.12172781879838848
DE_gpu_v2,rastrigin,50,500,0,1000,-318.1580214799754,11.841978520024592,0.06452020328448303
DE_gpu_v2,rastrigin,50,500,1,1001,-325.0545905688477,4.945409431152329,0.06711172171926956
DE_gpu_v2,rastrigin,50,500,2,1002,-322.7393210863274,7.260678913672637,0.06929525236645807
DE_gpu_v2,rastrigin,50,500,3,1003,-326.02657231796934,3.9734276820306667,0.06618086725247674
DE_gpu_v2,rastrigin,50,500,4,1004,-320.81287327195486,9.187126728045124,0.06265389653325863
DE_gpu_v2,rastrigin,50,500,5,1005,-313.6401887438824,16.359811256117634,0.06773386619578887
DE_gpu_v2,rastrigin,50,500,6,1006,-313.1031704345144,16.89682956548556,0.06533459217708142
DE_gpu_v2,rastrigin,50,500,7,1007,-325.7253562450294,4.274643754970636,0.06751604221883502
DE_gpu_v2,rastrigin,50,500,8,1008,-321.89296118592875,8.10703881407126,0.06689895323070627
DE_gpu_v2,rastrigin,50,500,9,1009,-307.8434706534746,22.156529346525442,0.06849693102105059
DE_gpu_jDE,rastrigin,50,500,0,1000,-325.2011589182149,4.798841081785114,0.068372139957437
DE_gpu_jDE,rastrigin,50,500,1,1001,-323.35413446232195,6.645865537678034,0.06443987406056732
DE_gpu_jDE,rastrigin,50,500,2,1002,-326.68062604741533,3.3193739525846766,0.06942571503252801
DE_gpu_jDE,rastrigin,50,500,3,1003,-327.71479943358145,2.2852005664185513,0.06336093446197781
DE_gpu_jDE,rastrigin,50,500,4,1004,-321.41006706180593,8.589932938194046,0.067480002707509
DE_gpu_jDE,rastrigin,50,500,5,1005,-324.86610798375085,5.133892016249145,0.06305263252194132
DE_gpu_jDE,rastrigin,50,500,6,1006,-325.86135201063644,4.138647989363549,0.06884950011931845
DE_gpu_jDE,rastrigin,50,500,7,1007,-327.59736070048604,2.402639299513986,0.06959709084944414
DE_gpu_jDE,rastrigin,50,500,8,1008,-326.0933406792647,3.9066593207353053,0.06698393933527154
DE_gpu_jDE,rastrigin,50,500,9,1009,-324.7876295178886,5.212370482111396,0.06808600006985291
DE_seq,rastrigin,100,50,0,1000,-317.5411499596606,12.458850040339437,1.9381743680316375
DE_seq,rastrigin,100,50,1,1001,-312.2241683938853,17.775831606114735,2.0807031570226373
DE_seq,rastrigin,100,50,2,1002,-279.5705172518521,50.4294827481479,2.05662336993259
DE_seq,rastrigin,100,50,3,1003,-229.8731120790846,100.12688792091541,2.1185913078350245
DE_seq,rastrigin,100,50,4,1004,-265.75583869371025,64.24416130628974,1.952121334386401
DE_seq,rastrigin,100,50,5,1005,-216.57374297960988,113.42625702039012,2.0127977592255974
DE_seq,rastrigin,100,50,6,1006,-292.78855267009874,37.21144732990126,2.063366574026134
DE_seq,rastrigin,100,50,7,1007,-283.0069502687985,46.99304973120147,2.083854798259809
DE_seq,rastrigin,100,50,8,1008,-255.18616304466218,74.8138369553378,1.981788202761187
DE_seq,rastrigin,100,50,9,1009,-131.84213380987367,198.15786619012633,2.1331077977868516
DE_gpu_v1,rastrigin,100,50,0,1000,-230.1949400189332,99.80505998106678,1.3577211370489601
DE_gpu_v1,rastrigin,100,50,1,1001,-134.85700704866431,195.14299295133569,1.4576579162002907
DE_gpu_v1,rastrigin,100,50,2,1002,-154.80869193115265,175.19130806884735,1.4975439569699356
DE_gpu_v1,rastrigin,100,50,3,1003,-233.46668278204803,96.53331721795197,1.431419065426223
DE_gpu_v1,rastrigin,100,50,4,1004,-115.71855740119008,214.28144259880992,1.3950966170376378
DE_gpu_v1,rastrigin,100,50,5,1005,-223.7761804203828,106.22381957961721,1.3624184681353741
DE_gpu_v1,rastrigin,100,50,6,1006,-243.72119026250783,86.27880973749217,1.4343311959240739
DE_gpu_v1,rastrigin,100,50,7,1007,-214.54364928573034,115.45635071426965,1.4666564721058277
DE_gpu_v1,rastrigin,100,50,8,1008,-53.89334640698354,276.10665359301646,1.363193613679213
DE_gpu_v1,rastrigin,100,50,9,1009,-184.9200670197846,145.0799329802154,1.4913115263604013
DE_gpu_v2,rastrigin,100,50,0,1000,-243.13924733625956,86.86075266374044,0.3736788733479092
DE_gpu_v2,rastrigin,100,50,1,1001,-276.6684087262807,53.33159127371931,0.35586827011657074
DE_gpu_v2,rastrigin,100,50,2,1002,-290.8839511030597,39.116048896940285,0.359437469100537
DE_gpu_v2,rastrigin,100,50,3,1003,-283.6152099459423,46.384790054057724,0.37377900877983905
DE_gpu_v2,rastrigin,100,50,4,1004,-224.13116691110304,105.86883308889695,0.36988116316411324
DE_gpu_v2,rastrigin,100,50,5,1005,-288.58936279242295,41.41063720757704,0.36539235324166264
DE_gpu_v2,rastrigin,100,50,6,1006,-252.05057746434676,77.94942253565323,0.40041002978946266
DE_gpu_v2,rastrigin,100,50,7,1007,-292.3423955352231,37.65760446477689,0.39408137914580216
DE_gpu_v2,rastrigin,100,50,8,1008,-301.4112242217184,28.588775778281594,0.37203616370414716
DE_gpu_v2,rastrigin,100,50,9,1009,-298.6045462969776,31.395453703022408,0.3870044082967369
DE_gpu_jDE,rastrigin,100,50,0,1000,-279.07853816415616,50.921461835843836,0.36170889036230824
DE_gpu_jDE,rastrigin,100,50,1,1001,-319.6767110743967,10.323288925603338,0.3662540555369304
DE_gpu_jDE,rastrigin,100,50,2,1002,-288.75041393657784,41.24958606342215,0.3597350968551478
DE_gpu_jDE,rastrigin,100,50,3,1003,-307.2162121715121,22.78378782848791,0.3605434039062382
DE_gpu_jDE,rastrigin,100,50,4,1004,-320.7055008133218,9.294499186678216,0.36964527582581425
DE_gpu_jDE,rastrigin,100,50,5,1005,-324.44961785946305,5.550382140536931,0.3763217757128124
DE_gpu_jDE,rastrigin,100,50,6,1006,-321.121704098176,8.878295901824028,0.3818358517868408
DE_gpu_jDE,rastrigin,100,50,7,1007,-281.7572046720114,48.242795327988546,0.3769119306850855
DE_gpu_jDE,rastrigin,100,50,8,1008,-327.56785667346094,2.432143326539084,0.34686749868183053
DE_gpu_jDE,rastrigin,100,50,9,1009,-313.92501666666294,16.074983333337055,0.38763731361869036
DE_seq,rastrigin,100,100,0,1000,-281.93519139990696,48.064808600093066,1.9932479406556518
DE_seq,rastrigin,100,100,1,1001,-199.93287003519745,130.06712996480255,2.1103890276667507
DE_seq,rastrigin,100,100,2,1002,-294.1017306901688,35.898269309831214,2.0071032995382385
DE_seq,rastrigin,100,100,3,1003,-276.97959959495057,53.020400405049436,1.9527676112489358
DE_seq,rastrigin,100,100,4,1004,-319.82738287503855,10.17261712496147,1.962343805954805
DE_seq,rastrigin,100,100,5,1005,-296.5573961264534,33.4426038735466,1.9753577767943604
DE_seq,rastrigin,100,100,6,1006,-274.06510119671947,55.93489880328051,1.9309858914121911
DE_seq,rastrigin,100,100,7,1007,-306.02416064478183,23.975839355218188,1.9973488895642966
DE_seq,rastrigin,100,100,8,1008,-284.9670179143097,45.03298208569032,1.971036866532688
DE_seq,rastrigin,100,100,9,1009,-317.1863691741093,12.81363082589071,2.0702590861603922
DE_gpu_v1,rastrigin,100,100,0,1000,-32.275969866949936,297.72403013305006,0.6983482114348145
DE_gpu_v1,rastrigin,100,100,1,1001,-270.1448579018917,59.85514209810827,0.7340361884008658
DE_gpu_v1,rastrigin,100,100,2,1002,-309.01988010839705,20.980119891602975,0.7713841759461771
DE_gpu_v1,rastrigin,100,100,3,1003,-304.6839225919286,25.31607740807141,0.773856052580549
DE_gpu_v1,rastrigin,100,100,4,1004,-273.9357466257922,56.06425337420778,0.7290623915100034
DE_gpu_v1,rastrigin,100,100,5,1005,-277.722882916647,52.277117083352984,0.6940725383595207
DE_gpu_v1,rastrigin,100,100,6,1006,-294.76731482976516,35.23268517023482,0.7171534262632718
DE_gpu_v1,rastrigin,100,100,7,1007,-313.5492221653556,16.45077783464441,0.7520430838629025
DE_gpu_v1,rastrigin,100,100,8,1008,-258.12771331089584,71.87228668910417,0.7365396036182332
DE_gpu_v1,rastrigin,100,100,9,1009,-275.2012702118634,54.79872978813659,0.7875102748665694
DE_gpu_v2,rastrigin,100,100,0,1000,-304.853286401785,25.146713598215012,0.21921803528921538
DE_gpu_v2,rastrigin,100,100,1,1001,-311.2317071512156,18.76829284878445,0.217127710277718
DE_gpu_v2,rastrigin,100,100,2,1002,-270.7372866758383,59.262713324161716,0.21783989163275308
DE_gpu_v2,rastrigin,100,100,3,1003,41.371484920487944,371.37148492048794,0.20711278650382325
DE_gpu_v2,rastrigin,100,100,4,1004,-265.55618629620034,64.44381370379965,0.21118300676457138
DE_gpu_v2,rastrigin,100,100,5,1005,-300.2202373032164,29.77976269678363,0.22031809742337333
DE_gpu_v2,rastrigin,100,100,6,1006,-285.2492836520528,44.75071634794719,0.2061221014658708
DE_gpu_v2,rastrigin,100,100,7,1007,-313.1453311708526,16.854668829147407,0.2098914262410844
DE_gpu_v2,rastrigin,100,100,8,1008,-178.5813067472351,151.4186932527649,0.2079732619330976
DE_gpu_v2,rastrigin,100,100,9,1009,-250.76399725205818,79.23600274794182,0.22529512857363734
DE_gpu_jDE,rastrigin,100,100,0,1000,-325.07599496723685,4.924005032763161,0.20772528468132886
DE_gpu_jDE,rastrigin,100,100,1,1001,-322.4167522264096,7.583247773590405,0.20806109716755805
DE_gpu_jDE,rastrigin,100,100,2,1002,-313.6647591157235,16.335240884276534,0.19119088235872778
DE_gpu_jDE,rastrigin,100,100,3,1003,-322.43403775265733,7.565962247342652,0.21151270273153255
DE_gpu_jDE,rastrigin,100,100,4,1004,-328.00833358201913,1.9916664179808514,0.21635161474496128
DE_gpu_jDE,rastrigin,100,100,5,1005,-322.229471811978,7.770528188022025,0.21730745045911484
DE_gpu_jDE,rastrigin,100,100,6,1006,-322.8098442356496,7.1901557643503775,0.20388582141798553
DE_gpu_jDE,rastrigin,100,100,7,1007,-327.6288559102132,2.3711440897867986,0.22051263783916342
DE_gpu_jDE,rastrigin,100,100,8,1008,-305.35832910426325,24.641670895736738,0.2178991208994827
DE_gpu_jDE,rastrigin,100,100,9,1009,-311.9932621779014,18.0067378220986,0.21659852797134965
DE_seq,rastrigin,100,500,0,1000,-303.8764558489587,26.12354415104131,1.9129613774547292
DE_seq,rastrigin,100,500,1,1001,-229.00364835503854,100.99635164496145,1.9532100504158674
DE_seq,rastrigin,100,500,2,1002,-298.4758432056272,31.5241567943728,1.9548842094508698
DE_seq,rastrigin,100,500,3,1003,-319.18218301559784,10.817816984402137,2.0665706552768444
DE_seq,rastrigin,100,500,4,1004,-302.9891516242768,27.010848375723185,1.880319474758493
DE_seq,rastrigin,100,500,5,1005,-312.53152739671964,17.468472603280343,1.9729584430317793
DE_seq,rastrigin,100,500,6,1006,-299.4605226518047,30.539477348195334,1.815642520695214
DE_seq,rastrigin,100,500,7,1007,-274.58554262186846,55.414457378131566,1.9584067233638265
DE_seq,rastrigin,100,500,8,1008,-289.94352864612705,40.05647135387293,1.9931461977878449
DE_seq,rastrigin,100,500,9,1009,-316.1006359929899,13.899364007010067,2.0778113311844937
DE_gpu_v1,rastrigin,100,500,0,1000,-322.7407595681741,7.259240431825924,0.18060756283199772
DE_gpu_v1,rastrigin,100,500,1,1001,-281.85175898880385,48.14824101119613,0.1868879107177676
DE_gpu_v1,rastrigin,100,500,2,1002,-291.90831641224423,38.09168358775579,0.18156747546244376
DE_gpu_v1,rastrigin,100,500,3,1003,-298.46069676642253,31.539303233577495,0.20339006616058877
DE_gpu_v1,rastrigin,100,500,4,1004,-288.88562360744925,41.11437639255078,0.1798216032238876
DE_gpu_v1,rastrigin,100,500,5,1005,-275.4963700481872,54.50362995181279,0.18717183223517897
DE_gpu_v1,rastrigin,100,500,6,1006,-327.51948783562244,2.480512164377533,0.19338080768952132
DE_gpu_v1,rastrigin,100,500,7,1007,-200.2859031487411,129.7140968512589,0.1892805233553521
DE_gpu_v1,rastrigin,100,500,8,1008,-326.27659605892075,3.7234039410792645,0.18825169567709274
DE_gpu_v1,rastrigin,100,500,9,1009,-276.2960949525201,53.70390504747992,0.184944251870992
DE_gpu_v2,rastrigin,100,500,0,1000,-230.89031069944468,99.10968930055533,0.08461526805601467
DE_gpu_v2,rastrigin,100,500,1,1001,-153.61239701135355,176.38760298864645,0.08812668103992306
DE_gpu_v2,rastrigin,100,500,2,1002,-317.2837179088717,12.716282091128253,0.07880390577330959
DE_gpu_v2,rastrigin,100,500,3,1003,-287.7429136912853,42.2570863087147,0.08755778332546348
DE_gpu_v2,rastrigin,100,500,4,1004,-321.28249992717434,8.717500072825652,0.08558872848457494
DE_gpu_v2,rastrigin,100,500,5,1005,-238.5468829447823,91.45311705521769,0.09045601609998348
DE_gpu_v2,rastrigin,100,500,6,1006,-299.9951408733724,30.004859126627622,0.08680824691946
DE_gpu_v2,rastrigin,100,500,7,1007,-207.30907024727816,122.69092975272183,0.08289158801822244
DE_gpu_v2,rastrigin,100,500,8,1008,-290.1916445771607,39.808355422839306,0.08338698457511313
DE_gpu_v2,rastrigin,100,500,9,1009,-295.53726598195965,34.46273401804034,0.08151359686179264
DE_gpu_jDE,rastrigin,100,500,0,1000,-326.40614737761183,3.5938526223881797,0.0867830377330757
DE_gpu_jDE,rastrigin,100,500,1,1001,-319.9433962522378,10.056603747762209,0.08095951327897419
DE_gpu_jDE,rastrigin,100,500,2,1002,-304.7280102013241,25.271989798675925,0.08118122236756518
DE_gpu_jDE,rastrigin,100,500,3,1003,-326.5758312682938,3.424168731706162,0.09087035011212792
DE_gpu_jDE,rastrigin,100,500,4,1004,-308.8392399226582,21.16076007734183,0.08487801012267115
DE_gpu_jDE,rastrigin,100,500,5,1005,-304.68585957914166,25.314140420858347,0.08181625566851693
DE_gpu_jDE,rastrigin,100,500,6,1006,-314.87577847326554,15.124221526734454,0.08512990178255199
DE_gpu_jDE,rastrigin,100,500,7,1007,-328.7592278815843,1.2407721184156943,0.07843181619698471
DE_gpu_jDE,rastrigin,100,500,8,1008,-320.96804440346756,9.031955596532441,0.08753976434720653
DE_gpu_jDE,rastrigin,100,500,9,1009,-326.32136021043914,3.6786397895608802,0.08357382368477202
DE_seq,rosenbrock,10,50,0,1000,425.71350406742647,35.7135040674265,0.0209511484479081
DE_seq,rosenbrock,10,50,1,1001,393.4859652179571,3.485965217957085,0.021183731453630745
DE_seq,rosenbrock,10,50,2,1002,406.3721506095319,16.372150609531875,0.02095754819647607
DE_seq,rosenbrock,10,50,3,1003,407.8840700972918,17.884070097291804,0.019936997778851277
DE_seq,rosenbrock,10,50,4,1004,545.0108302606666,155.01083026066658,0.019262856270325927
DE_seq,rosenbrock,10,50,5,1005,400.9737265714388,10.973726571438833,0.019777831283591264
DE_seq,rosenbrock,10,50,6,1006,437.58934043757336,47.58934043757333,0.018823442506880755
DE_seq,rosenbrock,10,50,7,1007,434.3344204154996,44.334420415499594,0.01932907541359394
DE_seq,rosenbrock,10,50,8,1008,412.16505597014446,22.165055970144447,0.019173007246480495
DE_seq,rosenbrock,10,50,9,1009,416.57149508918474,26.57149508918472,0.01952834741999467
DE_gpu_v1,rosenbrock,10,50,0,1000,463.73568682528884,73.73568682528882,0.17965939953430887
DE_gpu_v1,rosenbrock,10,50,1,1001,404.15776397679343,14.15776397679343,0.18681671285708668
DE_gpu_v1,rosenbrock,10,50,2,1002,409.30021235542205,19.300212355422055,0.1974114187995033
DE_gpu_v1,rosenbrock,10,50,3,1003,475.92345397540015,85.92345397540014,0.1847223284213421
DE_gpu_v1,rosenbrock,10,50,4,1004,484.70645162941423,94.70645162941426,0.17098509278431762
DE_gpu_v1,rosenbrock,10,50,5,1005,418.7809800420763,28.78098004207628,0.1922974413601641
DE_gpu_v1,rosenbrock,10,50,6,1006,411.97796119333134,21.97796119333131,0.17480345375758574
DE_gpu_v1,rosenbrock,10,50,7,1007,508.3826571909674,118.3826571909674,0.1950933174991347
DE_gpu_v1,rosenbrock,10,50,8,1008,396.41980923207484,6.419809232074814,0.19114653465031217
DE_gpu_v1,rosenbrock,10,50,9,1009,416.43548067493055,26.43548067493057,0.19527662772228854
DE_gpu_v2,rosenbrock,10,50,0,1000,418.0783020720436,28.078302072043584,0.08996924303939241
DE_gpu_v2,rosenbrock,10,50,1,1001,411.21371388449506,21.213713884495068,0.08070427234259342
DE_gpu_v2,rosenbrock,10,50,2,1002,401.9006725678915,11.900672567891512,0.08530138117414508
DE_gpu_v2,rosenbrock,10,50,3,1003,399.1981619965388,9.198161996538756,0.07971639949384661
DE_gpu_v2,rosenbrock,10,50,4,1004,434.5205936139528,44.52059361395283,0.07815671961548576
DE_gpu_v2,rosenbrock,10,50,5,1005,406.8814996611355,16.88149966113546,0.08416856143023682
DE_gpu_v2,rosenbrock,10,50,6,1006,465.4318677407347,75.43186774073465,0.07593062222188486
DE_gpu_v2,rosenbrock,10,50,7,1007,405.7399509681636,15.739950968163587,0.0835114681014102
DE_gpu_v2,rosenbrock,10,50,8,1008,395.13341575119694,5.133415751196929,0.08507245190701251
DE_gpu_v2,rosenbrock,10,50,9,1009,447.90106398216443,57.90106398216444,0.08045016654629716
DE_gpu_jDE,rosenbrock,10,50,0,1000,397.6328227808809,7.6328227808808595,0.08086328016352827
DE_gpu_jDE,rosenbrock,10,50,1,1001,396.9668483969333,6.9668483969333215,0.07730683794501168
DE_gpu_jDE,rosenbrock,10,50,2,1002,402.4108869829897,12.410886982989721,0.08267333921099093
DE_gpu_jDE,rosenbrock,10,50,3,1003,393.24678919432563,3.2467891943256433,0.08400785300954886
DE_gpu_jDE,rosenbrock,10,50,4,1004,421.2466454225447,31.24664542254469,0.0826271581251509
DE_gpu_jDE,rosenbrock,10,50,5,1005,395.7075241244518,5.707524124451843,0.08460602762413698
DE_gpu_jDE,rosenbrock,10,50,6,1006,395.71270342346315,5.712703423463126,0.08057713641604362
DE_gpu_jDE,rosenbrock,10,50,7,1007,397.92738816583744,7.927388165837455,0.08789755213621514
DE_gpu_jDE,rosenbrock,10,50,8,1008,413.359877295663,23.359877295663026,0.08099104067059114
DE_gpu_jDE,rosenbrock,10,50,9,1009,406.03298761766126,16.032987617661277,0.08702849558049763
DE_seq,rosenbrock,10,100,0,1000,432.48469469703434,42.48469469703432,0.02207006895410217
DE_seq,rosenbrock,10,100,1,1001,412.84438839278243,22.84438839278246,0.02142404131622049
DE_seq,rosenbrock,10,100,2,1002,498.46781100087287,108.46781100087284,0.018700867793211333
DE_seq,rosenbrock,10,100,3,1003,439.6245690548037,49.624569054803736,0.020143499901140807
DE_seq,rosenbrock,10,100,4,1004,531.3299637951126,141.32996379511255,0.019338192223058104
DE_seq,rosenbrock,10,100,5,1005,400.64131160092234,10.641311600922311,0.01973643590585728
DE_seq,rosenbrock,10,100,6,1006,398.2221917711634,8.22219177116343,0.019176873750993736
DE_seq,rosenbrock,10,100,7,1007,412.06326344950355,22.063263449503555,0.019695966280234536
DE_seq,rosenbrock,10,100,8,1008,442.1577253478511,52.157725347851105,0.020473474165760716
DE_seq,rosenbrock,10,100,9,1009,427.53650677116366,37.53650677116365,0.02044134217784872
DE_gpu_v1,rosenbrock,10,100,0,1000,477.95412629510554,87.95412629510554,0.11597020874408479
DE_gpu_v1,rosenbrock,10,100,1,1001,436.51691880424227,46.51691880424228,0.1089027720514305
DE_gpu_v1,rosenbrock,10,100,2,1002,678.3644820271821,288.36448202718213,0.11545600862337634
DE_gpu_v1,rosenbrock,10,100,3,1003,464.1635805847489,74.16358058474889,0.11767332289106071
DE_gpu_v1,rosenbrock,10,100,4,1004,482.5121365343914,92.51213653439142,0.11892149376291226
DE_gpu_v1,rosenbrock,10,100,5,1005,416.32701524813643,26.32701524813642,0.12203876787044177
DE_gpu_v1,rosenbrock,10,100,6,1006,425.9719053119007,35.971905311900684,0.11887050297055045
DE_gpu_v1,rosenbrock,10,100,7,1007,501.38331033566146,111.38331033566146,0.12323352807979557
DE_gpu_v1,rosenbrock,10,100,8,1008,404.9418252363076,14.941825236307581,0.10979990150392298
DE_gpu_v1,rosenbrock,10,100,9,1009,408.3607930141134,18.360793014113423,0.11592636108195746
DE_gpu_v2,rosenbrock,10,100,0,1000,400.48260181321564,10.482601813215611,0.06329818815945976
DE_gpu_v2,rosenbrock,10,100,1,1001,517.1436358614402,127.14363586144022,0.06411002646767004
DE_gpu_v2,rosenbrock,10,100,2,1002,418.9085997005516,28.908599700551594,0.06693644486719276
DE_gpu_v2,rosenbrock,10,100,3,1003,487.23419188010627,97.23419188010628,0.06338286343864537
DE_gpu_v2,rosenbrock,10,100,4,1004,409.53786136265956,19.537861362659566,0.06582442300993005
DE_gpu_v2,rosenbrock,10,100,5,1005,411.96862036914666,21.968620369146677,0.06861259532248681
DE_gpu_v2,rosenbrock,10,100,6,1006,447.88135701852997,57.88135701852997,0.06474848403128788
DE_gpu_v2,rosenbrock,10,100,7,1007,396.43950635395373,6.439506353953746,0.06537998572664137
DE_gpu_v2,rosenbrock,10,100,8,1008,405.8646626578981,15.864662657898114,0.06528272334622133
DE_gpu_v2,rosenbrock,10,100,9,1009,432.3677017733064,42.36770177330641,0.06441679130735786
DE_gpu_jDE,rosenbrock,10,100,0,1000,483.6696044629028,93.66960446290278,0.06828074505854953
DE_gpu_jDE,rosenbrock,10,100,1,1001,417.62836258510856,27.628362585108587,0.06827121338441607
DE_gpu_jDE,rosenbrock,10,100,2,1002,397.2769194031627,7.276919403162703,0.06224431475462034
DE_gpu_jDE,rosenbrock,10,100,3,1003,400.9123541226334,10.912354122633417,0.06482543198454097
DE_gpu_jDE,rosenbrock,10,100,4,1004,415.589132580877,25.58913258087701,0.06031633409071572
DE_gpu_jDE,rosenbrock,10,100,5,1005,399.85914861596814,9.859148615968161,0.06669125694166922
DE_gpu_jDE,rosenbrock,10,100,6,1006,403.3396486654777,13.33964866547767,0.06872387102552471
DE_gpu_jDE,rosenbrock,10,100,7,1007,407.64585072070946,17.64585072070945,0.06463622276170299
DE_gpu_jDE,rosenbrock,10,100,8,1008,415.2667063531564,25.266706353156398,0.06763839899963961
DE_gpu_jDE,rosenbrock,10,100,9,1009,402.81024596119835,12.81024596119835,0.06605317042600439
DE_seq,rosenbrock,10,500,0,1000,773.9536211526593,383.9536211526593,0.020434506430664145
DE_seq,rosenbrock,10,500,1,1001,440.7863310078721,50.786331007872114,0.02102958272563197
DE_seq,rosenbrock,10,500,2,1002,468.80368769706956,78.80368769706955,0.020236035850391347
DE_seq,rosenbrock,10,500,3,1003,502.43824872274155,112.43824872274156,0.020133861240163694
DE_seq,rosenbrock,10,500,4,1004,472.2469446287879,82.24694462878793,0.019217965553957227
DE_seq,rosenbrock,10,500,5,1005,534.6305717353994,144.63057173539943,0.020304797796774805
DE_seq,rosenbrock,10,500,6,1006,506.8467907790333,116.84679077903331,0.019116805367621968
DE_seq,rosenbrock,10,500,7,1007,400.98907777822535,10.989077778225337,0.019666344594087486
DE_seq,rosenbrock,10,500,8,1008,425.4452252531334,35.44522525313342,0.020575938549585435
DE_seq,rosenbrock,10,500,9,1009,476.83564422640404,86.83564422640404,0.01977338776982441
DE_gpu_v1,rosenbrock,10,500,0,1000,473.1009013342453,83.10090133424531,0.058889211605340955
DE_gpu_v1,rosenbrock,10,500,1,1001,486.56986861530333,96.5698686153033,0.06207747072498337
DE_gpu_v1,rosenbrock,10,500,2,1002,649.4309392346917,259.43093923469166,0.062214164889946556
DE_gpu_v1,rosenbrock,10,500,3,1003,532.3203175975947,142.32031759759465,0.06592864988275549
DE_gpu_v1,rosenbrock,10,500,4,1004,444.32281057663465,54.322810576634666,0.06611976781242176
DE_gpu_v1,rosenbrock,10,500,5,1005,574.6856737010644,184.68567370106442,0.06391898528834156
DE_gpu_v1,rosenbrock,10,500,6,1006,979.8774910832512,589.8774910832512,0.06011928860024988
DE_gpu_v1,rosenbrock,10,500,7,1007,2411.110484380266,2021.110484380266,0.06728618922429044
DE_gpu_v1,rosenbrock,10,500,8,1008,527.3946402282849,137.39464022828483,0.06407455240996027
DE_gpu_v1,rosenbrock,10,500,9,1009,744.6177920013573,354.6177920013573,0.06353510195084083
DE_gpu_v2,rosenbrock,10,500,0,1000,607.581607649774,217.58160764977396,0.050186553788965506
DE_gpu_v2,rosenbrock,10,500,1,1001,433.13108754551206,43.13108754551205,0.0524507904093428
DE_gpu_v2,rosenbrock,10,500,2,1002,437.3025981784929,47.30259817849287,0.0569172017421385
DE_gpu_v2,rosenbrock,10,500,3,1003,636.2894736643138,246.2894736643138,0.05461590047559835
DE_gpu_v2,rosenbrock,10,500,4,1004,508.1951875456887,118.19518754568874,0.0537731978500087
DE_gpu_v2,rosenbrock,10,500,5,1005,730.8140575478171,340.8140575478171,0.053922586111807794
DE_gpu_v2,rosenbrock,10,500,6,1006,518.3680648735882,128.3680648735882,0.04903697001919359
DE_gpu_v2,rosenbrock,10,500,7,1007,608.2348218472264,218.23482184722633,0.05527365508882567
DE_gpu_v2,rosenbrock,10,500,8,1008,466.97525694841397,76.97525694841399,0.0518760752848646
DE_gpu_v2,rosenbrock,10,500,9,1009,424.4120773410004,34.4120773410004,0.05250745162179031
DE_gpu_jDE,rosenbrock,10,500,0,1000,396.9919206576705,6.991920657670533,0.0511742317111463
DE_gpu_jDE,rosenbrock,10,500,1,1001,421.7432127827846,31.743212782784614,0.051025770158142254
DE_gpu_jDE,rosenbrock,10,500,2,1002,424.7151595851355,34.71515958513549,0.050929474847858355
DE_gpu_jDE,rosenbrock,10,500,3,1003,421.1217700315411,31.121770031541093,0.055565590576109464
DE_gpu_jDE,rosenbrock,10,500,4,1004,411.27626846864825,21.27626846864826,0.05543747851110291
DE_gpu_jDE,rosenbrock,10,500,5,1005,405.31434637497546,15.314346374975438,0.054666919549396904
DE_gpu_jDE,rosenbrock,10,500,6,1006,415.8995508269759,25.899550826975876,0.05230156370188358
DE_gpu_jDE,rosenbrock,10,500,7,1007,424.92074375850115,34.92074375850113,0.04907504565969352
DE_gpu_jDE,rosenbrock,10,500,8,1008,421.8788668700449,31.878866870044888,0.05717166601248316
DE_gpu_jDE,rosenbrock,10,500,9,1009,414.06419437830357,24.064194378303576,0.049990391174589976
DE_seq,rosenbrock,50,50,0,1000,672.8124128284148,282.8124128284148,0.5115380964006568
DE_seq,rosenbrock,50,50,1,1001,422.4353246996671,32.43532469966711,0.5120137603766963
DE_seq,rosenbrock,50,50,2,1002,1745.746085312329,1355.746085312329,0.5055550793879973
DE_seq,rosenbrock,50,50,3,1003,636.0291853957074,246.0291853957074,0.4768416032591128
DE_seq,rosenbrock,50,50,4,1004,564.6122332778084,174.61223327780843,0.47317394990581946
DE_seq,rosenbrock,50,50,5,1005,717.8298722813828,327.8298722813828,0.5038137003230736
DE_seq,rosenbrock,50,50,6,1006,499.9282919918136,109.92829199181357,0.46518469148291275
DE_seq,rosenbrock,50,50,7,1007,426.64979158780716,36.64979158780714,0.4698610405598713
DE_seq,rosenbrock,50,50,8,1008,412.3948996871588,22.39489968715879,0.48345818510194005
DE_seq,rosenbrock,50,50,9,1009,473.7027796814647,83.70277968146466,0.5240391759062123
DE_gpu_v1,rosenbrock,50,50,0,1000,508.29356148546486,118.29356148546488,0.7312271899619726
DE_gpu_v1,rosenbrock,50,50,1,1001,658.4217533335536,268.42175333355357,0.7756623219032494
DE_gpu_v1,rosenbrock,50,50,2,1002,525.6927038632609,135.6927038632609,0.7294220215954158
DE_gpu_v1,rosenbrock,50,50,3,1003,543.4742906192636,153.47429061926357,0.7719046606890965
DE_gpu_v1,rosenbrock,50,50,4,1004,771.5775085470647,381.57750854706467,0.7776262372514016
DE_gpu_v1,rosenbrock,50,50,5,1005,690.8945702746324,300.89457027463243,0.7193203567813157
DE_gpu_v1,rosenbrock,50,50,6,1006,798.0564790992751,408.056479099275,0.7336386952077899
DE_gpu_v1,rosenbrock,50,50,7,1007,507.8841624860566,117.8841624860566,0.7726709944146967
DE_gpu_v1,rosenbrock,50,50,8,1008,478.81391423975805,88.81391423975803,0.7507829627638919
DE_gpu_v1,rosenbrock,50,50,9,1009,737.4496885801786,347.4496885801786,0.7139444041004979
DE_gpu_v2,rosenbrock,50,50,0,1000,419.4287886124701,29.428788612470107,0.22394222140654052
DE_gpu_v2,rosenbrock,50,50,1,1001,635.9128064705219,245.91280647052187,0.2019378660534441
DE_gpu_v2,rosenbrock,50,50,2,1002,545.7593802949166,155.75938029491658,0.22150983697259313
DE_gpu_v2,rosenbrock,50,50,3,1003,614.552295695049,224.552295695049,0.2182995213738798
DE_gpu_v2,rosenbrock,50,50,4,1004,590.1908548653975,200.19085486539743,0.21602220323934015
DE_gpu_v2,rosenbrock,50,50,5,1005,552.2157426071105,162.21574260711057,0.20269802031468298
DE_gpu_v2,rosenbrock,50,50,6,1006,1525.3419129136394,1135.3419129136394,0.2128390948349858
DE_gpu_v2,rosenbrock,50,50,7,1007,603.7367513791282,213.7367513791283,0.20316101307378986
DE_gpu_v2,rosenbrock,50,50,8,1008,481.64252958538657,91.6425295853866,0.19729696498824068
DE_gpu_v2,rosenbrock,50,50,9,1009,576.3786565675762,186.37865656757612,0.20490304923004746
DE_gpu_jDE,rosenbrock,50,50,0,1000,430.6809364810104,40.68093648101041,0.23062248449982464
DE_gpu_jDE,rosenbrock,50,50,1,1001,413.85931123192336,23.859311231923346,0.19749245059985276
DE_gpu_jDE,rosenbrock,50,50,2,1002,485.5090039549949,95.5090039549949,0.19601530151425886
DE_gpu_jDE,rosenbrock,50,50,3,1003,461.3725223641327,71.37252236413269,0.21322185976205968
DE_gpu_jDE,rosenbrock,50,50,4,1004,424.8836148340935,34.883614834093535,0.20539196805259832
DE_gpu_jDE,rosenbrock,50,50,5,1005,443.1434881577514,53.14348815775138,0.22621148725550178
DE_gpu_jDE,rosenbrock,50,50,6,1006,452.5103206491698,62.510320649169756,0.21145820193878984
DE_gpu_jDE,rosenbrock,50,50,7,1007,409.0395737761162,19.039573776116193,0.22660546144731342
DE_gpu_jDE,rosenbrock,50,50,8,1008,436.4190164131056,46.41901641310561,0.21159216865932212
DE_gpu_jDE,rosenbrock,50,50,9,1009,425.7327500882779,35.7327500882779,0.21718734956018307
DE_seq,rosenbrock,50,100,0,1000,491.73889152291326,101.73889152291328,0.5153248117642593
DE_seq,rosenbrock,50,100,1,1001,843.5279624604286,453.5279624604287,0.5064158278370199
DE_seq,rosenbrock,50,100,2,1002,459.60541608923614,69.60541608923616,0.48666315579006914
DE_seq,rosenbrock,50,100,3,1003,615.4371175815305,225.43711758153054,0.5160322274456384
DE_seq,rosenbrock,50,100,4,1004,496.65086338246743,106.65086338246743,0.4999331599695938
DE_seq,rosenbrock,50,100,5,1005,652.0209603407338,262.0209603407339,0.47612489751017595
DE_seq,rosenbrock,50,100,6,1006,524.6202592550447,134.62025925504472,0.49842102607106936
DE_seq,rosenbrock,50,100,7,1007,937.240734312758,547.240734312758,0.5053927294333467
DE_seq,rosenbrock,50,100,8,1008,575.4168013386877,185.41680133868778,0.4649610526463284
DE_seq,rosenbrock,50,100,9,1009,723.8606386081981,333.8606386081981,0.4753024412958702
DE_gpu_v1,rosenbrock,50,100,0,1000,669.2995768481808,279.29957684818083,0.3738791488467867
DE_gpu_v1,rosenbrock,50,100,1,1001,863.3461068179415,473.34610681794146,0.3907142018057533
DE_gpu_v1,rosenbrock,50,100,2,1002,817.7295608296324,427.7295608296324,0.3704827024306698
DE_gpu_v1,rosenbrock,50,100,3,1003,868.1628011634032,478.1628011634032,0.4104326146479394
DE_gpu_v1,rosenbrock,50,100,4,1004,777.0785767762654,387.0785767762654,0.40002767465770084
DE_gpu_v1,rosenbrock,50,100,5,1005,436.25582130199393,46.25582130199393,0.3888030172017806
DE_gpu_v1,rosenbrock,50,100,6,1006,770.0789088056193,380.07890880561933,0.4203356470217857
DE_gpu_v1,rosenbrock,50,100,7,1007,669.3932402353898,279.3932402353898,0.3781918881276269
DE_gpu_v1,rosenbrock,50,100,8,1008,458.18848724906985,68.18848724906985,0.38921254787847487
DE_gpu_v1,rosenbrock,50,100,9,1009,802.697877580742,412.69787758074193,0.38338934243331474
DE_gpu_v2,rosenbrock,50,100,0,1000,1036.8799718041305,646.8799718041306,0.1343916500325474
DE_gpu_v2,rosenbrock,50,100,1,1001,611.892151474415,221.892151474415,0.13023706156776158
DE_gpu_v2,rosenbrock,50,100,2,1002,737.3231212631107,347.3231212631107,0.1252552326298086
DE_gpu_v2,rosenbrock,50,100,3,1003,449.96898133706486,59.968981337064854,0.1281619637487805
DE_gpu_v2,rosenbrock,50,100,4,1004,429.3289639454731,39.32896394547308,0.13469148944859352
DE_gpu_v2,rosenbrock,50,100,5,1005,592.851279024825,202.851279024825,0.12403747692645413
DE_gpu_v2,rosenbrock,50,100,6,1006,683.7501635866868,293.7501635866868,0.12543670821012268
DE_gpu_v2,rosenbrock,50,100,7,1007,1800.9268754835389,1410.9268754835389,0.1310653127096942
DE_gpu_v2,rosenbrock,50,100,8,1008,821.5313557016984,431.53135570169843,0.1245288285635192
DE_gpu_v2,rosenbrock,50,100,9,1009,548.4972300566636,158.4972300566636,0.12657239546729626
DE_gpu_jDE,rosenbrock,50,100,0,1000,446.97199505599326,56.97199505599324,0.128412956863236
DE_gpu_jDE,rosenbrock,50,100,1,1001,395.06660744123366,5.066607441233663,0.1310820183780104
DE_gpu_jDE,rosenbrock,50,100,2,1002,434.14921957195935,44.14921957195933,0.13289567159133775
DE_gpu_jDE,rosenbrock,50,100,3,1003,451.6719031538723,61.67190315387227,0.12208774028563546
DE_gpu_jDE,rosenbrock,50,100,4,1004,430.5436754827424,40.54367548274238,0.13991048140410772
DE_gpu_jDE,rosenbrock,50,100,5,1005,465.38596690292775,75.38596690292772,0.1393361504544473
DE_gpu_jDE,rosenbrock,50,100,6,1006,484.23301180403735,94.23301180403732,0.13197718015722926
DE_gpu_jDE,rosenbrock,50,100,7,1007,501.3085368466069,111.30853684660687,0.13053533355752714
DE_gpu_jDE,rosenbrock,50,100,8,1008,467.83777504131376,77.83777504131373,0.14536304333469827
DE_gpu_jDE,rosenbrock,50,100,9,1009,418.5386610130771,28.538661013077096,0.12746547503625355
DE_seq,rosenbrock,50,500,0,1000,748.0519170450891,358.05191704508906,0.4873715313707348
DE_seq,rosenbrock,50,500,1,1001,1184.0304308934542,794.0304308934543,0.5321357855396139
DE_seq,rosenbrock,50,500,2,1002,581.0090378339262,191.00903783392624,0.5035058635454882
DE_seq,rosenbrock,50,500,3,1003,680.2213850912528,290.2213850912529,0.5015928234958039
DE_seq,rosenbrock,50,500,4,1004,2581.5622360739376,2191.5622360739376,0.5239634521243456
DE_seq,rosenbrock,50,500,5,1005,1618.7100141075382,1228.7100141075382,0.5178279389344227
DE_seq,rosenbrock,50,500,6,1006,1679.7186123559352,1289.7186123559352,0.4896498771300551
DE_seq,rosenbrock,50,500,7,1007,704.6882801806032,314.6882801806032,0.5000139224141106
DE_seq,rosenbrock,50,500,8,1008,771.2820247257807,381.28202472578073,0.5127235561931333
DE_seq,rosenbrock,50,500,9,1009,613.2535861507021,223.2535861507021,0.5306633800434502
DE_gpu_v1,rosenbrock,50,500,0,1000,792.271641482814,402.2716414828139,0.11148999614444524
DE_gpu_v1,rosenbrock,50,500,1,1001,784.3371751156899,394.3371751156899,0.1211356171223504
DE_gpu_v1,rosenbrock,50,500,2,1002,708.0869921449048,318.08699214490474,0.11536743108474407
DE_gpu_v1,rosenbrock,50,500,3,1003,909.0176281214641,519.0176281214641,0.11445586880310918
DE_gpu_v1,rosenbrock,50,500,4,1004,1410.9753430605845,1020.9753430605845,0.11920955391146655
DE_gpu_v1,rosenbrock,50,500,5,1005,1056.4848295974507,666.4848295974506,0.12291824067725313
DE_gpu_v1,rosenbrock,50,500,6,1006,479.30258426152017,89.30258426152018,0.11672090363365523
DE_gpu_v1,rosenbrock,50,500,7,1007,1036.320574303425,646.3205743034251,0.11294949202518852
DE_gpu_v1,rosenbrock,50,500,8,1008,1770.4599267297797,1380.4599267297797,0.12801270356520952
DE_gpu_v1,rosenbrock,50,500,9,1009,735.8977112434638,345.8977112434639,0.11900158310073444
DE_gpu_v2,rosenbrock,50,500,0,1000,822.6610659087538,432.6610659087538,0.06681612876641015
DE_gpu_v2,rosenbrock,50,500,1,1001,1100.0444275293776,710.0444275293775,0.06495012037608203
DE_gpu_v2,rosenbrock,50,500,2,1002,852.0970361195695,462.09703611956945,0.06540831638475204
DE_gpu_v2,rosenbrock,50,500,3,1003,1519.7295618654766,1129.7295618654766,0.0657929311911549
DE_gpu_v2,rosenbrock,50,500,4,1004,1145.2522803165862,755.2522803165863,0.06805717676497208
DE_gpu_v2,rosenbrock,50,500,5,1005,931.6501121640022,541.6501121640022,0.06640552990202504
DE_gpu_v2,rosenbrock,50,500,6,1006,1071.6257645468513,681.6257645468512,0.06672666951545063
DE_gpu_v2,rosenbrock,50,500,7,1007,663.6679724284095,273.6679724284094,0.06730359820106874
DE_gpu_v2,rosenbrock,50,500,8,1008,1272.7905728768635,882.7905728768635,0.06586439894773999
DE_gpu_v2,rosenbrock,50,500,9,1009,1968.45466088432,1578.45466088432,0.06888716977323456
DE_gpu_jDE,rosenbrock,50,500,0,1000,471.20300773338863,81.20300773338866,0.06665594953038359
DE_gpu_jDE,rosenbrock,50,500,1,1001,601.7452328463876,211.7452328463876,0.06609883546729271
DE_gpu_jDE,rosenbrock,50,500,2,1002,459.5838178409473,69.58381784094732,0.06557727028230652
DE_gpu_jDE,rosenbrock,50,500,3,1003,733.104541840108,343.104541840108,0.0686579167597086
DE_gpu_jDE,rosenbrock,50,500,4,1004,410.36232069141886,20.362320691418883,0.06946691515667044
DE_gpu_jDE,rosenbrock,50,500,5,1005,588.7765337860914,198.77653378609133,0.06656623985973115
DE_gpu_jDE,rosenbrock,50,500,6,1006,696.702118590455,306.7021185904551,0.06516090400312978
DE_gpu_jDE,rosenbrock,50,500,7,1007,481.3593357704573,91.3593357704573,0.06588346621320086
DE_gpu_jDE,rosenbrock,50,500,8,1008,611.7189754232752,221.71897542327525,0.0728124969525199
DE_gpu_jDE,rosenbrock,50,500,9,1009,648.6771365518854,258.6771365518854,0.06567253678661496
DE_seq,rosenbrock,100,50,0,1000,859.6778044482487,469.67780444824876,1.960183262281629
DE_seq,rosenbrock,100,50,1,1001,751.3613800429788,361.3613800429788,1.9550187243023134
DE_seq,rosenbrock,100,50,2,1002,520.3740462961925,130.37404629619252,1.9394059656947538
DE_seq,rosenbrock,100,50,3,1003,1096.2488016966395,706.2488016966394,2.0684569896817933
DE_seq,rosenbrock,100,50,4,1004,722.3418566062912,332.3418566062912,2.1019892715878785
DE_seq,rosenbrock,100,50,5,1005,843.8093046661667,453.80930466616667,2.044636741764086
DE_seq,rosenbrock,100,50,6,1006,607.7580954900654,217.7580954900654,2.1200291949642707
DE_seq,rosenbrock,100,50,7,1007,464.1446499667969,74.14464996679689,2.0593753091382636
DE_seq,rosenbrock,100,50,8,1008,832.7544319069117,442.7544319069117,1.998163941812639
DE_seq,rosenbrock,100,50,9,1009,883.7484882074041,493.7484882074041,1.993249507102715
DE_gpu_v1,rosenbrock,100,50,0,1000,460.089432325686,70.08943232568602,1.4093043516583255
DE_gpu_v1,rosenbrock,100,50,1,1001,604.8369274902317,214.8369274902317,1.4324661735097863
DE_gpu_v1,rosenbrock,100,50,2,1002,598.3612083304577,208.36120833045763,1.3708509580724433
DE_gpu_v1,rosenbrock,100,50,3,1003,572.3085344369424,182.30853443694238,1.4461424006121515
DE_gpu_v1,rosenbrock,100,50,4,1004,546.6304764157726,156.63047641577262,1.4212018185891133
DE_gpu_v1,rosenbrock,100,50,5,1005,766.2146802251732,376.21468022517325,1.4603885362205602
DE_gpu_v1,rosenbrock,100,50,6,1006,942.1912056850364,552.1912056850364,1.3156156076972167
DE_gpu_v1,rosenbrock,100,50,7,1007,693.936150789576,303.936150789576,1.4506838409975464
DE_gpu_v1,rosenbrock,100,50,8,1008,673.3951619916895,283.3951619916896,1.3667014289187336
DE_gpu_v1,rosenbrock,100,50,9,1009,460.9469594699176,70.94695946991757,1.4462801248763673
DE_gpu_v2,rosenbrock,100,50,0,1000,627.341664672701,237.34166467270097,0.36753932740749773
DE_gpu_v2,rosenbrock,100,50,1,1001,481.3031237581352,91.30312375813521,0.39320770600319727
DE_gpu_v2,rosenbrock,100,50,2,1002,665.7472052738775,275.7472052738775,0.3795220738207409
DE_gpu_v2,rosenbrock,100,50,3,1003,654.8170687671598,264.8170687671598,0.3817815409854396
DE_gpu_v2,rosenbrock,100,50,4,1004,1403.4633548504517,1013.4633548504518,0.35921347250572916
DE_gpu_v2,rosenbrock,100,50,5,1005,544.7499946671489,154.749994667149,0.3711252563488819
DE_gpu_v2,rosenbrock,100,50,6,1006,621.434060239192,231.43406023919204,0.36463134131878194
DE_gpu_v2,rosenbrock,100,50,7,1007,520.5116005909429,130.51160059094283,0.36065649873063843
DE_gpu_v2,rosenbrock,100,50,8,1008,468.50594594454344,78.50594594454347,0.3884531572486315
DE_gpu_v2,rosenbrock,100,50,9,1009,660.6775117100519,270.677511710052,0.3576716233865324
DE_gpu_jDE,rosenbrock,100,50,0,1000,437.47274887354405,47.472748873544056,0.36104813365445176
DE_gpu_jDE,rosenbrock,100,50,1,1001,515.0787862450411,125.0787862450411,0.36862966060719
DE_gpu_jDE,rosenbrock,100,50,2,1002,458.2222186563859,68.2222186563859,0.3735016831038914
DE_gpu_jDE,rosenbrock,100,50,3,1003,524.4515708525736,134.45157085257355,0.3743251465871203
DE_gpu_jDE,rosenbrock,100,50,4,1004,450.59286679219383,60.59286679219383,0.36668884708538335
DE_gpu_jDE,rosenbrock,100,50,5,1005,528.1164424728578,138.1164424728578,0.37684121392370856
DE_gpu_jDE,rosenbrock,100,50,6,1006,434.22721371180944,44.22721371180947,0.38231334598837124
DE_gpu_jDE,rosenbrock,100,50,7,1007,529.8000155641064,139.8000155641064,0.39484294360272054
DE_gpu_jDE,rosenbrock,100,50,8,1008,492.7108474427763,102.71084744277628,0.36809176672689853
DE_gpu_jDE,rosenbrock,100,50,9,1009,410.6604642094252,20.660464209425182,0.41470860039308605
DE_seq,rosenbrock,100,100,0,1000,548.9343053980398,158.93430539803975,2.060898998343835
DE_seq,rosenbrock,100,100,1,1001,852.3023914563257,462.30239145632567,1.9869845206487213
DE_seq,rosenbrock,100,100,2,1002,1573.7243612292084,1183.7243612292084,2.0011786170805466
DE_seq,rosenbrock,100,100,3,1003,553.8036771809901,163.8036771809901,2.0471944100205506
DE_seq,rosenbrock,100,100,4,1004,916.3642595596283,526.3642595596283,1.9907094712830773
DE_seq,rosenbrock,100,100,5,1005,899.4449481102109,509.44494811021093,2.045885409240432
DE_seq,rosenbrock,100,100,6,1006,801.7493646604917,411.7493646604916,1.8940543233994176
DE_seq,rosenbrock,100,100,7,1007,908.9518034900299,518.9518034900299,1.929527647660001
DE_seq,rosenbrock,100,100,8,1008,1078.0570605106539,688.0570605106539,1.9714636108500476
DE_seq,rosenbrock,100,100,9,1009,2310.8466471761885,1920.8466471761883,1.917765510893769
DE_gpu_v1,rosenbrock,100,100,0,1000,460.2863391330642,70.28633913306417,0.760544842032511
DE_gpu_v1,rosenbrock,100,100,1,1001,883.1116812222932,493.1116812222932,0.7079376894187206
DE_gpu_v1,rosenbrock,100,100,2,1002,689.6967468826247,299.6967468826246,0.7242275740111724
DE_gpu_v1,rosenbrock,100,100,3,1003,915.9222485489182,525.9222485489182,0.7178011081595971
DE_gpu_v1,rosenbrock,100,100,4,1004,544.0626436010367,154.06264360103674,0.7392937481272541
DE_gpu_v1,rosenbrock,100,100,5,1005,1054.8899359393172,664.8899359393171,0.7706336523379754
DE_gpu_v1,rosenbrock,100,100,6,1006,1313.8920560782112,923.8920560782112,0.7695055671563684
DE_gpu_v1,rosenbrock,100,100,7,1007,1054.747026293937,664.7470262939371,0.7544427214775011
DE_gpu_v1,rosenbrock,100,100,8,1008,543.6317326929279,153.6317326929279,0.7292250380462006
DE_gpu_v1,rosenbrock,100,100,9,1009,553.3886974223617,163.38869742236176,0.6829295602415167
DE_gpu_v2,rosenbrock,100,100,0,1000,484.0197135578872,94.0197135578872,0.20124464606801493
DE_gpu_v2,rosenbrock,100,100,1,1001,4559.359157874751,4169.359157874751,0.20712742973336865
DE_gpu_v2,rosenbrock,100,100,2,1002,1177.6644429720202,787.6644429720202,0.198789164843014
DE_gpu_v2,rosenbrock,100,100,3,1003,607.177785658992,217.177785658992,0.22141381364349308
DE_gpu_v2,rosenbrock,100,100,4,1004,726.2937144484147,336.2937144484146,0.20086767772967581
DE_gpu_v2,rosenbrock,100,100,5,1005,995.3573987471418,605.3573987471418,0.21633698332895712
DE_gpu_v2,rosenbrock,100,100,6,1006,1118.6562473821903,728.6562473821903,0.19953268494675824
DE_gpu_v2,rosenbrock,100,100,7,1007,485.46055025073184,95.46055025073186,0.21489114712806914
DE_gpu_v2,rosenbrock,100,100,8,1008,570.4478896348411,180.44788963484112,0.21077646045256973
DE_gpu_v2,rosenbrock,100,100,9,1009,892.93204693142,502.9320469314201,0.22248812004631402
DE_gpu_jDE,rosenbrock,100,100,0,1000,468.7216760922513,78.72167609225127,0.21028231837708058
DE_gpu_jDE,rosenbrock,100,100,1,1001,493.5644346866888,103.56443468668881,0.21898419137284866
DE_gpu_jDE,rosenbrock,100,100,2,1002,576.2579946850834,186.2579946850834,0.21853843657341523
DE_gpu_jDE,rosenbrock,100,100,3,1003,738.9194137174165,348.9194137174166,0.20766321777255387
DE_gpu_jDE,rosenbrock,100,100,4,1004,474.00884120552234,84.00884120552234,0.21904018593944505
DE_gpu_jDE,rosenbrock,100,100,5,1005,1023.3859074452067,633.3859074452067,0.19115796334235022
DE_gpu_jDE,rosenbrock,100,100,6,1006,683.4225218079457,293.42252180794566,0.20249871635214614
DE_gpu_jDE,rosenbrock,100,100,7,1007,465.64709814421747,75.6470981442175,0.20841709952626533
DE_gpu_jDE,rosenbrock,100,100,8,1008,432.13946910904167,42.13946910904164,0.2305938085163162
DE_gpu_jDE,rosenbrock,100,100,9,1009,509.3031824943631,119.3031824943631,0.20491464815979873
DE_seq,rosenbrock,100,500,0,1000,1012.3637620428111,622.3637620428111,1.9841971185403975
DE_seq,rosenbrock,100,500,1,1001,1195.6766483610782,805.6766483610783,1.9523836448113165
DE_seq,rosenbrock,100,500,2,1002,1643.1379194201181,1253.1379194201181,2.038561388382773
DE_seq,rosenbrock,100,500,3,1003,761.413429301301,371.413429301301,2.107334197364428
DE_seq,rosenbrock,100,500,4,1004,2189.379305796483,1799.3793057964829,1.9706630232757938
DE_seq,rosenbrock,100,500,5,1005,994.2985261425199,604.2985261425199,1.9672872879365133
DE_seq,rosenbrock,100,500,6,1006,708.8726085417969,318.8726085417969,2.109408562681627
DE_seq,rosenbrock,100,500,7,1007,1324.6157421954972,934.6157421954971,2.0544071293087374
DE_seq,rosenbrock,100,500,8,1008,931.2281413629995,541.2281413629995,1.870827086494092
DE_seq,rosenbrock,100,500,9,1009,757.5469366037864,367.54693660378643,2.0811524071657344
DE_gpu_v1,rosenbrock,100,500,0,1000,1828.551083376868,1438.551083376868,0.1932058547909681
DE_gpu_v1,rosenbrock,100,500,1,1001,1589.6160639957736,1199.6160639957736,0.18781579993377323
DE_gpu_v1,rosenbrock,100,500,2,1002,1532.358352991652,1142.358352991652,0.18682057764492938
DE_gpu_v1,rosenbrock,100,500,3,1003,537.6372804093575,147.63728040935743,0.1853336475823807
DE_gpu_v1,rosenbrock,100,500,4,1004,995.0078260113337,605.0078260113337,0.18276683001111813
DE_gpu_v1,rosenbrock,100,500,5,1005,1317.656847015094,927.656847015094,0.18652224289747796
DE_gpu_v1,rosenbrock,100,500,6,1006,3162.517770610981,2772.517770610981,0.19605480001393155
DE_gpu_v1,rosenbrock,100,500,7,1007,2538.203956644149,2148.203956644149,0.17553899526845532
DE_gpu_v1,rosenbrock,100,500,8,1008,1398.578083003426,1008.5780830034258,0.1924612405066735
DE_gpu_v1,rosenbrock,100,500,9,1009,2044.636369063377,1654.636369063377,0.19710267508364449
DE_gpu_v2,rosenbrock,100,500,0,1000,2149.700897005113,1759.7008970051127,0.08603049147112507
DE_gpu_v2,rosenbrock,100,500,1,1001,2492.2967071378594,2102.2967071378594,0.08258003300650808
DE_gpu_v2,rosenbrock,100,500,2,1002,920.7311646532962,530.7311646532962,0.07981697931632988
DE_gpu_v2,rosenbrock,100,500,3,1003,1721.4582770642103,1331.4582770642103,0.08420933685279783
DE_gpu_v2,rosenbrock,100,500,4,1004,4666.000732133775,4276.000732133775,0.08183163001042393
DE_gpu_v2,rosenbrock,100,500,5,1005,2021.1831148454764,1631.1831148454764,0.07690193312825143
DE_gpu_v2,rosenbrock,100,500,6,1006,786.7868541909401,396.78685419094006,0.08422639043313145
DE_gpu_v2,rosenbrock,100,500,7,1007,889.781617185821,499.78161718582095,0.084194494520611
DE_gpu_v2,rosenbrock,100,500,8,1008,816.0783966911451,426.0783966911451,0.08491619344905368
DE_gpu_v2,rosenbrock,100,500,9,1009,922.506636146328,532.506636146328,0.0830106255201497
DE_gpu_jDE,rosenbrock,100,500,0,1000,504.305287622637,114.30528762263702,0.0770217351490116
DE_gpu_jDE,rosenbrock,100,500,1,1001,492.5337043188261,102.5337043188261,0.08444397069306549
DE_gpu_jDE,rosenbrock,100,500,2,1002,504.3568914272693,114.3568914272693,0.08881780616103772
DE_gpu_jDE,rosenbrock,100,500,3,1003,746.1810530545001,356.1810530545001,0.08396185028561758
DE_gpu_jDE,rosenbrock,100,500,4,1004,627.6401114585303,237.64011145853033,0.08074187268892269
DE_gpu_jDE,rosenbrock,100,500,5,1005,639.7124457880343,249.71244578803433,0.08760734117371387
DE_gpu_jDE,rosenbrock,100,500,6,1006,652.2901855034561,262.29018550345603,0.08551498563983631
DE_gpu_jDE,rosenbrock,100,500,7,1007,1050.8363276231885,660.8363276231886,0.08457234881178582
DE_gpu_jDE,rosenbrock,100,500,8,1008,559.1788624536674,169.17886245366742,0.08866007591711193
DE_gpu_jDE,rosenbrock,100,500,9,1009,517.9234465549921,127.92344655499205,0.08353219173416365
DE_seq,griewank,10,50,0,1000,-179.97596701847996,0.024032981520033976,0.020037700097177782
DE_seq,griewank,10,50,1,1001,-179.9676015184987,0.032398481501293,0.019899020884394637
DE_seq,griewank,10,50,2,1002,-179.9978262327875,0.002173767212492146,0.019942471950591265
DE_seq,griewank,10,50,3,1003,-179.9931738991158,0.006826100884225592,0.020085305080673903
DE_seq,griewank,10,50,4,1004,-179.9474193744267,0.052580625573312466,0.01979011026477814
DE_seq,griewank,10,50,5,1005,-179.97978189927125,0.02021810072875463,0.021201678454211052
DE_seq,griewank,10,50,6,1006,-179.99275805384448,0.007241946155512707,0.020016341092303273
DE_seq,griewank,10,50,7,1007,-179.99877487541826,0.001225124581734416,0.019145290052199778
DE_seq,griewank,10,50,8,1008,-179.99744306768594,0.002556932314057641,0.019768075368685595
DE_seq,griewank,10,50,9,1009,-179.9970850893333,0.0029149106667111626,0.019688248598764117
DE_gpu_v1,griewank,10,50,0,1000,-179.99359608816624,0.006403911833762346,0.18708739501775648
DE_gpu_v1,griewank,10,50,1,1001,-179.9941058311427,0.005894168857313984,0.18922048977605782
DE_gpu_v1,griewank,10,50,2,1002,-179.99480236075834,0.005197639241651182,0.1829538222521431
DE_gpu_v1,griewank,10,50,3,1003,-179.9935113721721,0.006488627827920117,0.20436404659252183
DE_gpu_v1,griewank,10,50,4,1004,-179.9813674727765,0.018632527223514876,0.17894386640480975
DE_gpu_v1,griewank,10,50,5,1005,-179.92564477459442,0.0743552254055746,0.1831981585427363
DE_gpu_v1,griewank,10,50,6,1006,-179.97566741785295,0.024332582147057545,0.19546469126379756
DE_gpu_v1,griewank,10,50,7,1007,-179.97769034004847,0.022309659951538347,0.18170398032602125
DE_gpu_v1,griewank,10,50,8,1008,-179.98939019540776,0.010609804592237258,0.1955502028319433
DE_gpu_v1,griewank,10,50,9,1009,-179.99073193630025,0.009268063699755844,0.17784794672023993
DE_gpu_v2,griewank,10,50,0,1000,-179.99074949237146,0.00925050762852959,0.08545636790021172
DE_gpu_v2,griewank,10,50,1,1001,-179.99378969587158,0.006210304128427017,0.08198203829831344
DE_gpu_v2,griewank,10,50,2,1002,-179.9940845222806,0.005915477719425801,0.0798280436536412
DE_gpu_v2,griewank,10,50,3,1003,-179.9868119251886,0.01318807481139716,0.08677919060596587
DE_gpu_v2,griewank,10,50,4,1004,-179.99310514621553,0.006894853784472258,0.0833059923794773
DE_gpu_v2,griewank,10,50,5,1005,-179.9911091342075,0.008890865792486954,0.09010767025993649
DE_gpu_v2,griewank,10,50,6,1006,-179.98291704019832,0.01708295980168224,0.08304355107906511
DE_gpu_v2,griewank,10,50,7,1007,-179.99195944344552,0.008040556554466931,0.08086902646551887
DE_gpu_v2,griewank,10,50,8,1008,-179.98956474992445,0.010435250075537052,0.08243183455527082
DE_gpu_v2,griewank,10,50,9,1009,-179.97401973350645,0.025980266493538153,0.08391310330940274
DE_gpu_jDE,griewank,10,50,0,1000,-179.99762749098346,0.0023725090165264643,0.07732327792139576
DE_gpu_jDE,griewank,10,50,1,1001,-179.99462401658818,0.0053759834118120185,0.08125621114564506
DE_gpu_jDE,griewank,10,50,2,1002,-179.99845665915382,0.0015433408461913065,0.08361954595170343
DE_gpu_jDE,griewank,10,50,3,1003,-179.99708078472986,0.0029192152701342285,0.0810959855410234
DE_gpu_jDE,griewank,10,50,4,1004,-179.99849353468062,0.0015064653193868037,0.08457047873024033
DE_gpu_jDE,griewank,10,50,5,1005,-179.99763177995416,0.002368220045826274,0.08052282739659536
DE_gpu_jDE,griewank,10,50,6,1006,-179.99951170949973,0.0004882905002704785,0.0789489314955731
DE_gpu_jDE,griewank,10,50,7,1007,-179.9984448521672,0.0015551478327867593,0.0827810340790803
DE_gpu_jDE,griewank,10,50,8,1008,-179.9986034365477,0.001396563452282164,0.07983967904977333
DE_gpu_jDE,griewank,10,50,9,1009,-179.9987872234427,0.0012127765573028925,0.07970917826230849
DE_seq,griewank,10,100,0,1000,-179.98209218935585,0.0179078106441366,0.019206282308072874
DE_seq,griewank,10,100,1,1001,-179.98393799639328,0.016062003606715117,0.019710933434933756
DE_seq,griewank,10,100,2,1002,-179.99486097722553,0.005139022774475407,0.020147022880031416
DE_seq,griewank,10,100,3,1003,-179.98601732868906,0.013982671310953826,0.020293803845409807
DE_seq,griewank,10,100,4,1004,-179.97210636375874,0.027893636241259016,0.02012132433537848
DE_seq,griewank,10,100,5,1005,-179.97493088368245,0.02506911631755993,0.020030702179202286
DE_seq,griewank,10,100,6,1006,-179.96691337593248,0.03308662406751298,0.01995433447875101
DE_seq,griewank,10,100,7,1007,-179.97426952828502,0.025730471714972464,0.019115734874689202
DE_seq,griewank,10,100,8,1008,-179.99586914883716,0.00413085116283963,0.01998041945514491
DE_seq,griewank,10,100,9,1009,-179.99314564759368,0.0068543524063182995,0.020341555406838702
DE_gpu_v1,griewank,10,100,0,1000,-179.98730264213742,0.012697357862589126,0.11249246652365018
DE_gpu_v1,griewank,10,100,1,1001,-179.99190203715028,0.008097962849730966,0.11512900348821839
DE_gpu_v1,griewank,10,100,2,1002,-179.98569878172063,0.014301218279384898,0.11839797101273987
DE_gpu_v1,griewank,10,100,3,1003,-179.99449285320685,0.0055071467931565605,0.11336388073758806
DE_gpu_v1,griewank,10,100,4,1004,-179.995278483563,0.004721516437013199,0.11684847581715127
DE_gpu_v1,griewank,10,100,5,1005,-179.98446915667853,0.015530843321468289,0.11687078924652868
DE_gpu_v1,griewank,10,100,6,1006,-179.96922222793447,0.030777772065536765,0.11755767301671732
DE_gpu_v1,griewank,10,100,7,1007,-179.98512426568,0.014875734319991469,0.12370300032833566
DE_gpu_v1,griewank,10,100,8,1008,-179.9953534141503,0.004646585849722598,0.11610434132115645
DE_gpu_v1,griewank,10,100,9,1009,-179.99169647872006,0.008303521279929399,0.11264008489261186
DE_gpu_v2,griewank,10,100,0,1000,-179.99420541643173,0.00579458356827788,0.0718393602567392
DE_gpu_v2,griewank,10,100,1,1001,-179.98566714537475,0.014332854625248161,0.06549843265276178
DE_gpu_v2,griewank,10,100,2,1002,-179.98350763458618,0.01649236541381121,0.06637742876547474
DE_gpu_v2,griewank,10,100,3,1003,-179.98879536800294,0.011204631997059528,0.06677348565226884
DE_gpu_v2,griewank,10,100,4,1004,-179.9936089566035,0.0063910433964911,0.0647217628028206
DE_gpu_v2,griewank,10,100,5,1005,-179.99522697450905,0.004773025490954902,0.06573017507049067
DE_gpu_v2,griewank,10,100,6,1006,-179.9964886968524,0.0035113031475924278,0.0676101293667173
DE_gpu_v2,griewank,10,100,7,1007,-179.99256575779935,0.007434242200659164,0.061633704657327926
DE_gpu_v2,griewank,10,100,8,1008,-179.99468387648884,0.005316123511150451,0.06767906862968102
DE_gpu_v2,griewank,10,100,9,1009,-179.99345265608804,0.006547343911970697,0.06383326596308724
DE_gpu_jDE,griewank,10,100,0,1000,-179.99824469018247,0.0017553098175376704,0.06268995114971204
DE_gpu_jDE,griewank,10,100,1,1001,-179.99952216789416,0.0004778321058546977,0.0683310185168644
DE_gpu_jDE,griewank,10,100,2,1002,-179.99875235946556,0.0012476405344498268,0.06713036342964374
DE_gpu_jDE,griewank,10,100,3,1003,-179.99492854074498,0.005071459255028593,0.06550257260350827
DE_gpu_jDE,griewank,10,100,4,1004,-179.993451511319,0.006548488681008914,0.06570398685109631
DE_gpu_jDE,griewank,10,100,5,1005,-179.99801754229173,0.001982457708276815,0.06390830248538454
DE_gpu_jDE,griewank,10,100,6,1006,-179.9978647373269,0.002135262673094438,0.06642531085640553
DE_gpu_jDE,griewank,10,100,7,1007,-179.99538421208365,0.004615787916358729,0.06497748510418186
DE_gpu_jDE,griewank,10,100,8,1008,-179.9956897653869,0.004310234613087628,0.07019892875062256
DE_gpu_jDE,griewank,10,100,9,1009,-179.99212721187828,0.007872788121714824,0.06619175255142361
DE_seq,griewank,10,500,0,1000,-179.98573597975647,0.014264020243530313,0.02094749269873379
DE_seq,griewank,10,500,1,1001,-179.9640747243908,0.03592527560919806,0.018383164845285835
DE_seq,griewank,10,500,2,1002,-179.96558378938127,0.03441621061873272,0.018895211195137297
DE_seq,griewank,10,500,3,1003,-179.99221265038094,0.007787349619063985,0.0199600265937745
DE_seq,griewank,10,500,4,1004,-179.96411049673668,0.0358895032633207,0.019486087800012354
DE_seq,griewank,10,500,5,1005,-179.97252571863,0.02747428136999307,0.01997151697702877
DE_seq,griewank,10,500,6,1006,-179.96719708252903,0.0328029174709651,0.02128903719755172
DE_seq,griewank,10,500,7,1007,-179.9651198075689,0.03488019243109673,0.01946636176663525
DE_seq,griewank,10,500,8,1008,-179.99479356548332,0.005206434516692608,0.02047276887108421
DE_seq,griewank,10,500,9,1009,-179.98596207616765,0.014037923832347103,0.01939829249814766
DE_gpu_v1,griewank,10,500,0,1000,-179.98541486718753,0.014585132812464383,0.06391440231500849
DE_gpu_v1,griewank,10,500,1,1001,-179.98778929710508,0.01221070289491107,0.06765489686851221
DE_gpu_v1,griewank,10,500,2,1002,-179.9859008799369,0.014099120063079876,0.05802268230606155
DE_gpu_v1,griewank,10,500,3,1003,-179.95390007864756,0.04609992135242956,0.06361479956837723
DE_gpu_v1,griewank,10,500,4,1004,-179.9914479393329,0.008552060667100863,0.07088396521278732
DE_gpu_v1,griewank,10,500,5,1005,-179.99210400542918,0.007895994570822445,0.06722084720356059
DE_gpu_v1,griewank,10,500,6,1006,-179.92421499505699,0.07578500494301946,0.061676928761506274
DE_gpu_v1,griewank,10,500,7,1007,-179.98157497486065,0.01842502513936243,0.0652476445757537
DE_gpu_v1,griewank,10,500,8,1008,-179.96378735258273,0.03621264741726557,0.06139778333127349
DE_gpu_v1,griewank,10,500,9,1009,-179.98582310980808,0.014176890191917467,0.06578149322922164
DE_gpu_v2,griewank,10,500,0,1000,-179.94667268326134,0.05332731673865973,0.05788862340760842
DE_gpu_v2,griewank,10,500,1,1001,-179.9762336286974,0.02376637130261176,0.0524872906497757
DE_gpu_v2,griewank,10,500,2,1002,-179.9882028405364,0.011797159463622047,0.05316308299565014
DE_gpu_v2,griewank,10,500,3,1003,-179.97080950247437,0.029190497525644187,0.05361524769523869
DE_gpu_v2,griewank,10,500,4,1004,-179.97616025838084,0.023839741619169255,0.05071817390118083
DE_gpu_v2,griewank,10,500,5,1005,-179.97232953600889,0.02767046399112551,0.052745584812291926
DE_gpu_v2,griewank,10,500,6,1006,-179.99392543554535,0.006074564454639172,0.055799282205290526
DE_gpu_v2,griewank,10,500,7,1007,-179.93836797944192,0.06163202055807949,0.05270837440469106
DE_gpu_v2,griewank,10,500,8,1008,-179.97117423376957,0.02882576623043605,0.05068382038927911
DE_gpu_v2,griewank,10,500,9,1009,-179.98325748346744,0.016742516532565508,0.05588537404323863
DE_gpu_jDE,griewank,10,500,0,1000,-179.9845522967246,0.015447703275420357,0.055687800284762584
DE_gpu_jDE,griewank,10,500,1,1001,-179.99927874498778,0.0007212550122212606,0.052749909152623044
DE_gpu_jDE,griewank,10,500,2,1002,-179.98619800362323,0.013801996376779901,0.05613300256813134
DE_gpu_jDE,griewank,10,500,3,1003,-179.99066646812125,0.009333531878753522,0.05165963471211327
DE_gpu_jDE,griewank,10,500,4,1004,-179.99383980289642,0.00616019710357882,0.052658588045906396
DE_gpu_jDE,griewank,10,500,5,1005,-179.99374151799245,0.006258482007541272,0.05297254819700453
DE_gpu_jDE,griewank,10,500,6,1006,-179.98977552182495,0.010224478175059493,0.05240920631238847
DE_gpu_jDE,griewank,10,500,7,1007,-179.99742364078014,0.0025763592198515127,0.05488310307065061
DE_gpu_jDE,griewank,10,500,8,1008,-179.98595161798164,0.014048382018356571,0.051700917825104845
DE_gpu_jDE,griewank,10,500,9,1009,-179.98753764671193,0.01246235328806804,0.05527606190026978
DE_seq,griewank,50,50,0,1000,-179.91570822877603,0.08429177122398046,0.4864873429576895
DE_seq,griewank,50,50,1,1001,-179.7996940857174,0.20030591428261524,0.5239901832983774
DE_seq,griewank,50,50,2,1002,-179.88171900141137,0.11828099858863264,0.5031461293492151
DE_seq,griewank,50,50,3,1003,-179.86689219654764,0.1331078034523634,0.49848356829931034
DE_seq,griewank,50,50,4,1004,-179.94305581310746,0.05694418689252398,0.5234638865131682
DE_seq,griewank,50,50,5,1005,-179.69527828383437,0.3047217161656254,0.5029136493137238
DE_seq,griewank,50,50,6,1006,-179.85131512316977,0.14868487683022133,0.4950959952299024
DE_seq,griewank,50,50,7,1007,-179.85631062194585,0.14368937805415863,0.4931141649781182
DE_seq,griewank,50,50,8,1008,-179.9778021916072,0.022197808392806058,0.5123842483883781
DE_seq,griewank,50,50,9,1009,-179.97055378248015,0.029446217519859885,0.49132585589975847
DE_gpu_v1,griewank,50,50,0,1000,-179.82710533301733,0.17289466698268355,0.7451525769923849
DE_gpu_v1,griewank,50,50,1,1001,-179.88381392028276,0.11618607971722673,0.7444061018944905
DE_gpu_v1,griewank,50,50,2,1002,-179.9823560083255,0.017643991674499374,0.7675716905011986
DE_gpu_v1,griewank,50,50,3,1003,-179.70980701958413,0.29019298041586755,0.7482081408617023
DE_gpu_v1,griewank,50,50,4,1004,-179.8233137352495,0.17668626475047458,0.7044830746742929
DE_gpu_v1,griewank,50,50,5,1005,-179.86739842927986,0.13260157072014878,0.7541075967099613
DE_gpu_v1,griewank,50,50,6,1006,-179.91797408527526,0.08202591472474381,0.733720708644234
DE_gpu_v1,griewank,50,50,7,1007,-179.8408760722337,0.15912392776631473,0.7495573849524192
DE_gpu_v1,griewank,50,50,8,1008,-179.7001103709379,0.29988962906211813,0.7282053153367727
DE_gpu_v1,griewank,50,50,9,1009,-179.97781476682474,0.02218523317527254,0.7100765304177392
DE_gpu_v2,griewank,50,50,0,1000,-179.98538841769536,0.014611582304646696,0.21173557988525119
DE_gpu_v2,griewank,50,50,1,1001,-179.84474879387622,0.15525120612379,0.20015481620159037
DE_gpu_v2,griewank,50,50,2,1002,-179.96005961570694,0.039940384293054465,0.20757083190510486
DE_gpu_v2,griewank,50,50,3,1003,-179.9445017248315,0.055498275168508165,0.20175057657945106
DE_gpu_v2,griewank,50,50,4,1004,-179.6110009239479,0.38899907605210543,0.2135463269309581
DE_gpu_v2,griewank,50,50,5,1005,-179.93886186284558,0.061138137154426,0.21844156743388532
DE_gpu_v2,griewank,50,50,6,1006,-179.91956888333243,0.08043111666756267,0.20846445547293882
DE_gpu_v2,griewank,50,50,7,1007,-179.7316370914415,0.26836290855848666,0.21527170720884786
DE_gpu_v2,griewank,50,50,8,1008,-179.83686380034982,0.16313619965017653,0.2174734031376459
DE_gpu_v2,griewank,50,50,9,1009,-179.9590719832205,0.04092801677951403,0.22672082908443614
DE_gpu_jDE,griewank,50,50,0,1000,-179.9131876133003,0.08681238669970902,0.20667310123352498
DE_gpu_jDE,griewank,50,50,1,1001,-179.95806208862373,0.041937911376253426,0.2129521008649577
DE_gpu_jDE,griewank,50,50,2,1002,-179.9798881418144,0.020111858185599955,0.199884129675824
DE_gpu_jDE,griewank,50,50,3,1003,-179.93782276138748,0.06217723861252696,0.20641781031183504
DE_gpu_jDE,griewank,50,50,4,1004,-179.95862018868644,0.04137981131356397,0.20959953090196115
DE_gpu_jDE,griewank,50,50,5,1005,-179.9896313780505,0.010368621949508959,0.23483668172077668
DE_gpu_jDE,griewank,50,50,6,1006,-179.93289712576325,0.06710287423674804,0.21104943411568583
DE_gpu_jDE,griewank,50,50,7,1007,-179.9960173187765,0.003982681223503574,0.208844980523379
DE_gpu_jDE,griewank,50,50,8,1008,-179.980539549762,0.019460450238005578,0.20148388804791267
DE_gpu_jDE,griewank,50,50,9,1009,-179.97234310093015,0.02765689906985819,0.22324752889299923
DE_seq,griewank,50,100,0,1000,-179.96077108229005,0.03922891770994819,0.4704009153764874
DE_seq,griewank,50,100,1,1001,-179.5763448799798,0.4236551200201796,0.4728380972517088
DE_seq,griewank,50,100,2,1002,-179.93323377699693,0.06676622300307712,0.5092436902968226
DE_seq,griewank,50,100,3,1003,-179.88381475970857,0.11618524029142374,0.5028374495107909
DE_seq,griewank,50,100,4,1004,-179.62654666812765,0.3734533318723565,0.49612654111450366
DE_seq,griewank,50,100,5,1005,-179.83638594807627,0.16361405192371917,0.49325429705617907
DE_seq,griewank,50,100,6,1006,-179.96133334714165,0.03866665285834364,0.5119954160894481
DE_seq,griewank,50,100,7,1007,-179.86681890021237,0.13318109978762804,0.49286719343811275
DE_seq,griewank,50,100,8,1008,-179.9151200877256,0.08487991227440933,0.47506104019852075
DE_seq,griewank,50,100,9,1009,-179.8541286134403,0.14587138655968604,0.48526094035561224
DE_gpu_v1,griewank,50,100,0,1000,-179.7882265607715,0.21177343922849748,0.36178214713396256
DE_gpu_v1,griewank,50,100,1,1001,-179.74959071048346,0.2504092895165531,0.38153823067324794
DE_gpu_v1,griewank,50,100,2,1002,-179.7812413565319,0.21875864346810386,0.38431693265897815
DE_gpu_v1,griewank,50,100,3,1003,-179.80285135904816,0.1971486409518326,0.41182034698302483
DE_gpu_v1,griewank,50,100,4,1004,-179.86638947333532,0.13361052666468837,0.39744383570998415
DE_gpu_v1,griewank,50,100,5,1005,-179.82006195514427,0.17993804485571752,0.3851470354277085
DE_gpu_v1,griewank,50,100,6,1006,-179.978725113439,0.02127488656099099,0.37286745584919156
DE_gpu_v1,griewank,50,100,7,1007,-178.41381302198008,1.586186978019919,0.3641015024293218
DE_gpu_v1,griewank,50,100,8,1008,-179.75690652661166,0.2430934733883555,0.3649578905863887
DE_gpu_v1,griewank,50,100,9,1009,-179.98252280745868,0.017477192541332877,0.3807336414896834
DE_gpu_v2,griewank,50,100,0,1000,-179.32201746911204,0.6779825308879461,0.13265750988681532
DE_gpu_v2,griewank,50,100,1,1001,-179.89120559214552,0.10879440785448753,0.12556884573439134
DE_gpu_v2,griewank,50,100,2,1002,-179.84344235568773,0.15655764431225944,0.1299359580986308
DE_gpu_v2,griewank,50,100,3,1003,-179.95582352267022,0.04417647732978672,0.13404026652070902
DE_gpu_v2,griewank,50,100,4,1004,-179.90969468705316,0.09030531294685173,0.12119484984875464
DE_gpu_v2,griewank,50,100,5,1005,-179.8220696744185,0.1779303255815214,0.1256162280469398
DE_gpu_v2,griewank,50,100,6,1006,-179.8641289582312,0.1358710417688083,0.1261662676819732
DE_gpu_v2,griewank,50,100,7,1007,-179.95329745302539,0.04670254697462201,0.134753759020636
DE_gpu_v2,griewank,50,100,8,1008,-179.67509718963132,0.32490281036867874,0.1294540678124358
DE_gpu_v2,griewank,50,100,9,1009,-179.91527901737004,0.08472098262995827,0.13579314746019522
DE_gpu_jDE,griewank,50,100,0,1000,-179.9869037373477,0.013096262652316944,0.12959222850333402
DE_gpu_jDE,griewank,50,100,1,1001,-179.9716743968349,0.028325603165083053,0.13082552393863417
DE_gpu_jDE,griewank,50,100,2,1002,-179.796280231236,0.20371976876399012,0.12159133309837052
DE_gpu_jDE,griewank,50,100,3,1003,-179.94064005217578,0.05935994782421601,0.12588164238323524
DE_gpu_jDE,griewank,50,100,4,1004,-179.9625101497934,0.037489850206619414,0.13442164393648537
DE_gpu_jDE,griewank,50,100,5,1005,-179.9742140445061,0.02578595549387852,0.1318298874040499
DE_gpu_jDE,griewank,50,100,6,1006,-179.9490528384287,0.0509471615712753,0.12559889287322057
DE_gpu_jDE,griewank,50,100,7,1007,-179.95053941884697,0.049460581153038786,0.12515941292481333
DE_gpu_jDE,griewank,50,100,8,1008,-179.96207274424333,0.03792725575667202,0.12776430326657698
DE_gpu_jDE,griewank,50,100,9,1009,-179.9824491085877,0.017550891412310112,0.1225144045395238
DE_seq,griewank,50,500,0,1000,-179.86362503419764,0.13637496580237277,0.48198130896360764
DE_seq,griewank,50,500,1,1001,-179.8405159368727,0.15948406312732238,0.4855767612748986
DE_seq,griewank,50,500,2,1002,-179.9056558061205,0.09434419387948802,0.5091092638863364
DE_seq,griewank,50,500,3,1003,-179.63144423366882,0.368555766331198,0.5051564090817745
DE_seq,griewank,50,500,4,1004,-179.87926075790284,0.12073924209715407,0.47488656409688423
DE_seq,griewank,50,500,5,1005,-179.90380676471483,0.09619323528516087,0.4863796116846346
DE_seq,griewank,50,500,6,1006,-179.66023414415426,0.33976585584574576,0.4918497181411752
DE_seq,griewank,50,500,7,1007,-179.7763399904895,0.22366000951048645,0.4919730815120297
DE_seq,griewank,50,500,8,1008,-179.92312263172968,0.07687736827031101,0.5096992205463888
DE_seq,griewank,50,500,9,1009,-179.88733695259663,0.11266304740336398,0.5346828277292406
DE_gpu_v1,griewank,50,500,0,1000,-179.46859238388896,0.53140761611103,0.11475641873854722
DE_gpu_v1,griewank,50,500,1,1001,-179.84998200771517,0.1500179922848388,0.11752973057863124
DE_gpu_v1,griewank,50,500,2,1002,-176.31961942715068,3.6803805728493297,0.11626451335265069
DE_gpu_v1,griewank,50,500,3,1003,-179.8956886015376,0.10431139846239046,0.11799908227990721
DE_gpu_v1,griewank,50,500,4,1004,-179.82179332399514,0.17820667600486398,0.11878794528985935
DE_gpu_v1,griewank,50,500,5,1005,-179.67519569481226,0.32480430518772935,0.11671263098218661
DE_gpu_v1,griewank,50,500,6,1006,-179.43282854253638,0.567171457463607,0.11999679481810015
DE_gpu_v1,griewank,50,500,7,1007,-179.79908377785915,0.2009162221408588,0.11774296109362281
DE_gpu_v1,griewank,50,500,8,1008,-179.85321106633356,0.14678893366643014,0.11951190640259979
DE_gpu_v1,griewank,50,500,9,1009,-179.83433281372646,0.16566718627353239,0.11741449956842845
DE_gpu_v2,griewank,50,500,0,1000,-179.7950140390227,0.20498596097728292,0.06666269969190444
DE_gpu_v2,griewank,50,500,1,1001,-179.8996316167762,0.10036838322381478,0.06180791882461784
DE_gpu_v2,griewank,50,500,2,1002,-179.82297097381038,0.17702902618961505,0.06864706645439245
DE_gpu_v2,griewank,50,500,3,1003,-179.68118851556008,0.31881148443992463,0.06693619252623341
DE_gpu_v2,griewank,50,500,4,1004,-179.48167264174452,0.5183273582554673,0.06648838342578929
DE_gpu_v2,griewank,50,500,5,1005,-179.69448346737528,0.30551653262470796,0.06570468865704554
DE_gpu_v2,griewank,50,500,6,1006,-179.89942150431224,0.10057849568775705,0.062241267592764146
DE_gpu_v2,griewank,50,500,7,1007,-179.9390054911152,0.060994508884780474,0.06627061305539071
DE_gpu_v2,griewank,50,500,8,1008,-179.7845466877162,0.21545331228380413,0.0635982570974135
DE_gpu_v2,griewank,50,500,9,1009,-179.6262845347412,0.37371546525880306,0.06574114525646241
DE_gpu_jDE,griewank,50,500,0,1000,-179.97380266655972,0.02619733344027591,0.06631084547331655
DE_gpu_jDE,griewank,50,500,1,1001,-179.95964278893365,0.040357211066338085,0.06243755014231897
DE_gpu_jDE,griewank,50,500,2,1002,-179.94376500826175,0.05623499173825596,0.0672367849374892
DE_gpu_jDE,griewank,50,500,3,1003,-179.91162878495786,0.08837121504214795,0.07169727178110898
DE_gpu_jDE,griewank,50,500,4,1004,-179.91617291507615,0.08382708492386487,0.0675067566364508
DE_gpu_jDE,griewank,50,500,5,1005,-179.9619476278071,0.038052372192920444,0.0653980890746157
DE_gpu_jDE,griewank,50,500,6,1006,-179.94852222897148,0.05147777102851331,0.06013040497519046
DE_gpu_jDE,griewank,50,500,7,1007,-179.9618984275944,0.03810157240558875,0.06397968759159929
DE_gpu_jDE,griewank,50,500,8,1008,-179.92423647434293,0.07576352565706201,0.0662781340814744
DE_gpu_jDE,griewank,50,500,9,1009,-179.96907674184513,0.030923258154876784,0.0697341250204998
DE_seq,griewank,100,50,0,1000,-177.24621140348438,2.753788596515619,1.9659514082173797
DE_seq,griewank,100,50,1,1001,-179.64660480243512,0.3533951975648776,2.132073412771681
DE_seq,griewank,100,50,2,1002,-179.7355183123372,0.2644816876627913,1.9698344501778544
DE_seq,griewank,100,50,3,1003,-177.54788469645726,2.4521153035427345,2.094415226418036
DE_seq,griewank,100,50,4,1004,-179.6681265659086,0.33187343409140463,2.110866489481719
DE_seq,griewank,100,50,5,1005,-178.79232217664503,1.2076778233549572,2.087706298870161
DE_seq,griewank,100,50,6,1006,-178.5448781686385,1.4551218313615024,1.9885980682534832
DE_seq,griewank,100,50,7,1007,-179.78228333936778,0.21771666063221615,1.967032683522047
DE_seq,griewank,100,50,8,1008,-179.34171808592933,0.6582819140706635,1.9403729102992497
DE_seq,griewank,100,50,9,1009,-179.76470554279072,0.23529445720927508,1.9770530158438455
DE_gpu_v1,griewank,100,50,0,1000,-179.7010993276589,0.2989006723410859,1.435735189568537
DE_gpu_v1,griewank,100,50,1,1001,-179.60206246814042,0.3979375318595698,1.411311442013245
DE_gpu_v1,griewank,100,50,2,1002,-179.7150324639614,0.28496753603860586,1.4105757249266275
DE_gpu_v1,griewank,100,50,3,1003,-179.350766038199,0.6492339618010117,1.4127502940333498
DE_gpu_v1,griewank,100,50,4,1004,-179.62570371200215,0.3742962879978601,1.4920252699896337
DE_gpu_v1,griewank,100,50,5,1005,-179.69591139434397,0.30408860565602314,1.4092465555464417
DE_gpu_v1,griewank,100,50,6,1006,-179.55178460930838,0.4482153906916108,1.4240856265216673
DE_gpu_v1,griewank,100,50,7,1007,-179.55421995225794,0.44578004774205404,1.3279582592030554
DE_gpu_v1,griewank,100,50,8,1008,-179.86955050814598,0.13044949185403434,1.330977406841278
DE_gpu_v1,griewank,100,50,9,1009,-179.89333729318946,0.10666270681053774,1.3402835816721592
DE_gpu_v2,griewank,100,50,0,1000,-179.5857713246836,0.4142286753163944,0.3819903050538897
DE_gpu_v2,griewank,100,50,1,1001,-179.6764071131213,0.32359288687872195,0.35452293808758206
DE_gpu_v2,griewank,100,50,2,1002,-179.92238278953226,0.07761721046774768,0.3538506774639308
DE_gpu_v2,griewank,100,50,3,1003,-179.32581908251723,0.6741809174827583,0.38517976212305277
DE_gpu_v2,griewank,100,50,4,1004,-179.84653852812235,0.15346147187763884,0.3771300303828599
DE_gpu_v2,griewank,100,50,5,1005,-179.73028220218302,0.2697177978169894,0.3504609581483874
DE_gpu_v2,griewank,100,50,6,1006,-179.5602703795885,0.4397296204115081,0.36923330193064685
DE_gpu_v2,griewank,100,50,7,1007,-179.64489753846078,0.3551024615392082,0.38985393613042335
DE_gpu_v2,griewank,100,50,8,1008,-179.8058195097633,0.19418049023671746,0.38972754806235593
DE_gpu_v2,griewank,100,50,9,1009,-179.56034630134315,0.43965369865684123,0.36951803966191077
DE_gpu_jDE,griewank,100,50,0,1000,-179.9568413658711,0.043158634128899885,0.3550499469432133
DE_gpu_jDE,griewank,100,50,1,1001,-179.96894562691753,0.031054373082463577,0.3614407670562587
DE_gpu_jDE,griewank,100,50,2,1002,-179.9425350100545,0.05746498994547477,0.3650512546482924
DE_gpu_jDE,griewank,100,50,3,1003,-179.74694581923157,0.25305418076842895,0.3631172379694256
DE_gpu_jDE,griewank,100,50,4,1004,-179.82530134388327,0.17469865611673077,0.37029766567102523
DE_gpu_jDE,griewank,100,50,5,1005,-179.97297360364192,0.02702639635809098,0.3707411487147413
DE_gpu_jDE,griewank,100,50,6,1006,-179.97840819909783,0.02159180090216216,0.36696843662843964
DE_gpu_jDE,griewank,100,50,7,1007,-179.95884365371333,0.041156346286667284,0.3780684261039968
DE_gpu_jDE,griewank,100,50,8,1008,-179.98802723064603,0.01197276935396713,0.3715921408273039
DE_gpu_jDE,griewank,100,50,9,1009,-179.8580520252859,0.14194797471410525,0.3493075953408602
DE_seq,griewank,100,100,0,1000,-179.74130347732589,0.2586965226741098,1.9407066555642856
DE_seq,griewank,100,100,1,1001,-179.91531102637282,0.08468897362719012,1.986921588939736
DE_seq,griewank,100,100,2,1002,-179.1640723209789,0.8359276790211095,1.9248702063741328
DE_seq,griewank,100,100,3,1003,-179.94477950296042,0.05522049703959592,1.8944309201182543
DE_seq,griewank,100,100,4,1004,-179.80843322492285,0.19156677507715478,1.977169008314645
DE_seq,griewank,100,100,5,1005,-179.2055561494612,0.794443850538817,1.9903875169623146
DE_seq,griewank,100,100,6,1006,-179.80227738982265,0.19772261017736345,2.0080455425025665
DE_seq,griewank,100,100,7,1007,-179.75995064723938,0.240049352760608,1.898433490403614
DE_seq,griewank,100,100,8,1008,-179.70879145644548,0.291208543554505,1.995084740123344
DE_seq,griewank,100,100,9,1009,-179.82090884526085,0.17909115473916745,2.0673872330985277
DE_gpu_v1,griewank,100,100,0,1000,-179.83427203922835,0.16572796077164115,0.6566782188568495
DE_gpu_v1,griewank,100,100,1,1001,-179.8989841755074,0.10101582449260789,0.7583494104999391
DE_gpu_v1,griewank,100,100,2,1002,-179.81228652278796,0.1877134772120479,0.7249113128549942
DE_gpu_v1,griewank,100,100,3,1003,-179.52601717280353,0.47398282719645135,0.7487741593160602
DE_gpu_v1,griewank,100,100,4,1004,-179.8776857579724,0.12231424202760256,0.8020152511055157
DE_gpu_v1,griewank,100,100,5,1005,-178.89757221698946,1.1024277830105278,0.6991387201281994
DE_gpu_v1,griewank,100,100,6,1006,-179.67233481349433,0.3276651865056645,0.7599938758792787
DE_gpu_v1,griewank,100,100,7,1007,-179.91710896199012,0.08289103800986901,0.7742685613534682
DE_gpu_v1,griewank,100,100,8,1008,-179.83081749884656,0.1691825011534441,0.7420218307447316
DE_gpu_v1,griewank,100,100,9,1009,-179.0028717916195,0.9971282083805103,0.7423770814167276
DE_gpu_v2,griewank,100,100,0,1000,-179.32492044669164,0.6750795533083638,0.20359157363634822
DE_gpu_v2,griewank,100,100,1,1001,-179.71230286170027,0.28769713829973104,0.21466689443904624
DE_gpu_v2,griewank,100,100,2,1002,-179.49392974644957,0.5060702535504473,0.2057327709007056
DE_gpu_v2,griewank,100,100,3,1003,-179.70599699177538,0.2940030082246219,0.21188758368087188
DE_gpu_v2,griewank,100,100,4,1004,-179.60914426865997,0.390855731340032,0.21866888538610288
DE_gpu_v2,griewank,100,100,5,1005,-179.93152778467064,0.06847221532935363,0.2169600131906436
DE_gpu_v2,griewank,100,100,6,1006,-179.00393280224864,0.9960671977513468,0.2156400740888732
DE_gpu_v2,griewank,100,100,7,1007,-179.86278852734333,0.13721147265668154,0.22047342394703395
DE_gpu_v2,griewank,100,100,8,1008,-179.89472884277478,0.1052711572252216,0.21423114244371566
DE_gpu_v2,griewank,100,100,9,1009,-179.87035103445828,0.1296489655417263,0.20388540241328232
DE_gpu_jDE,griewank,100,100,0,1000,-179.90800036379284,0.0919996362071725,0.22489029163661214
DE_gpu_jDE,griewank,100,100,1,1001,-179.84585630514437,0.15414369485563284,0.2056086015477617
DE_gpu_jDE,griewank,100,100,2,1002,-179.89229351482683,0.10770648517317158,0.2136755916024757
DE_gpu_jDE,griewank,100,100,3,1003,-179.66047449934374,0.3395255006562645,0.21445912009548826
DE_gpu_jDE,griewank,100,100,4,1004,-179.9859284194611,0.014071580538903384,0.23825353491701495
DE_gpu_jDE,griewank,100,100,5,1005,-179.96057808051717,0.039421919482836854,0.19388319651557495
DE_gpu_jDE,griewank,100,100,6,1006,-179.7784137192313,0.22158628076869188,0.1983048080441929
DE_gpu_jDE,griewank,100,100,7,1007,-179.932494502928,0.06750549707201854,0.20002051215628555
DE_gpu_jDE,griewank,100,100,8,1008,-179.97858499561968,0.02141500438030826,0.21498451081882888
DE_gpu_jDE,griewank,100,100,9,1009,-179.86691748874935,0.13308251125065565,0.22852119245925379
DE_seq,griewank,100,500,0,1000,-178.5649354010746,1.4350645989254214,1.9726604227984252
DE_seq,griewank,100,500,1,1001,-179.08822711375774,0.9117728862422629,1.9507707036455197
DE_seq,griewank,100,500,2,1002,-179.1577903840254,0.8422096159746122,2.1706871502312515
DE_seq,griewank,100,500,3,1003,-179.55029639897174,0.44970360102827484,2.161405546208092
DE_seq,griewank,100,500,4,1004,-179.55665979488148,0.44334020511850764,2.155800848840305
DE_seq,griewank,100,500,5,1005,-179.66467400006115,0.335325999938844,2.0891280196929447
DE_seq,griewank,100,500,6,1006,-178.2501486304188,1.749851369581194,1.9853233431378634
DE_seq,griewank,100,500,7,1007,-178.15097120287405,1.8490287971259598,2.0135450688606404
DE_seq,griewank,100,500,8,1008,-179.67718985473317,0.32281014526682944,2.0182815546892403
DE_seq,griewank,100,500,9,1009,-178.42031238532277,1.5796876146772312,1.9744682331170558
DE_gpu_v1,griewank,100,500,0,1000,-179.9166637430101,0.08333625698988144,0.184408146343861
DE_gpu_v1,griewank,100,500,1,1001,-178.35241939997428,1.64758060002572,0.1924788233989678
DE_gpu_v1,griewank,100,500,2,1002,-179.5401341466108,0.4598658533892008,0.19675855816954838
DE_gpu_v1,griewank,100,500,3,1003,-179.7830838281593,0.21691617184070042,0.19863191498073346
DE_gpu_v1,griewank,100,500,4,1004,-179.6514602457505,0.3485397542494772,0.1800043443083252
DE_gpu_v1,griewank,100,500,5,1005,-178.87767192949198,1.122328070508017,0.1922768410081006
DE_gpu_v1,griewank,100,500,6,1006,-179.70174277984484,0.2982572201551572,0.18695686395093947
DE_gpu_v1,griewank,100,500,7,1007,-178.30974242679468,1.6902575732053031,0.1973636678508483
DE_gpu_v1,griewank,100,500,8,1008,-179.20064572212243,0.7993542778775553,0.18159480255270888
DE_gpu_v1,griewank,100,500,9,1009,-178.8141335599284,1.1858664400716128,0.19397282955642534
DE_gpu_v2,griewank,100,500,0,1000,-179.6752531522419,0.32474684775809115,0.08283201170867163
DE_gpu_v2,griewank,100,500,1,1001,-179.70675395409086,0.29324604590913933,0.08198737911643746
DE_gpu_v2,griewank,100,500,2,1002,-179.8526714541232,0.14732854587680294,0.07970191898798597
DE_gpu_v2,griewank,100,500,3,1003,-179.91424506614433,0.08575493385565791,0.08928507435309035
DE_gpu_v2,griewank,100,500,4,1004,-179.49062054624355,0.5093794537564582,0.08600907276256095
DE_gpu_v2,griewank,100,500,5,1005,-179.68734386444405,0.3126561355559474,0.08238994067249741
DE_gpu_v2,griewank,100,500,6,1006,-177.6458041788305,2.3541958211694953,0.09022268937362433
DE_gpu_v2,griewank,100,500,7,1007,-178.2692453283152,1.7307546716848,0.08815765268893935
DE_gpu_v2,griewank,100,500,8,1008,-178.87556403869218,1.1244359613078303,0.08620844971332771
DE_gpu_v2,griewank,100,500,9,1009,-177.34074219412864,2.659257805871368,0.07894996046102142
DE_gpu_jDE,griewank,100,500,0,1000,-179.90361105548135,0.0963889445186481,0.08169926465420776
DE_gpu_jDE,griewank,100,500,1,1001,-179.93396761947295,0.06603238052705028,0.08008856015046026
DE_gpu_jDE,griewank,100,500,2,1002,-179.89417213739026,0.10582786260974715,0.08882007468334635
DE_gpu_jDE,griewank,100,500,3,1003,-179.47168991034673,0.5283100896532683,0.08506173483820831
DE_gpu_jDE,griewank,100,500,4,1004,-179.84937087423202,0.150629125767966,0.08786950949065368
DE_gpu_jDE,griewank,100,500,5,1005,-179.57283442540805,0.42716557459195903,0.08802507358818229
DE_gpu_jDE,griewank,100,500,6,1006,-179.86268006819037,0.13731993180963184,0.09025082376910093
DE_gpu_jDE,griewank,100,500,7,1007,-179.3571805492869,0.6428194507131004,0.08497554138736119
DE_gpu_jDE,griewank,100,500,8,1008,-179.77791833817483,0.22208166182516126,0.08911239764408306
DE_gpu_jDE,griewank,100,500,9,1009,-179.9006457340853,0.09935426591471211,0.08965098076592586
